Image File,Comment [Bivalent path],Bivalent length in microns,Pachytene stage,Good trace? (y/n)
WT_2.8.19_plant17_slide2_image7.1,1,39.0113,late,y
WT_2.8.19_plant17_slide2_image7.1,2,37.8475,late,y
WT_2.8.19_plant17_slide2_image7.1,3,43.2221,late,y
WT_2.8.19_plant17_slide2_image7.1,4,61.1004,late,y
WT_2.8.19_plant17_slide2_image7.1,5,54.2608,late,y
WT_2.8.19_plant17_slide2_image7.2,1,24.9278,mid/late,y
WT_2.8.19_plant17_slide2_image7.2,2,34.8735,mid/late,y
WT_2.8.19_plant17_slide2_image7.2,3,34.1274,mid/late,y
WT_2.8.19_plant17_slide2_image7.2,4,47.9064,mid/late,y
WT_2.8.19_plant17_slide2_image7.2,5,41.4843,mid/late,y
WT_2.8.19_plant17_slide2_image7.3,1,36.3176,mid/late,y
WT_2.8.19_plant17_slide2_image7.3,2,41.8582,mid/late,y
WT_2.8.19_plant17_slide2_image7.3,3,48.1581,mid/late,y
WT_2.8.19_plant17_slide2_image7.3,4,32.957,mid/late,y
WT_2.8.19_plant17_slide2_image7.3,5,35.8575,mid/late,y
WT_2.8.19_plant17_slide2_image8.1,1,39.6434,late,y
WT_2.8.19_plant17_slide2_image8.1,2,50.4644,late,y
WT_2.8.19_plant17_slide2_image8.1,3,37.1142,late,n
WT_2.8.19_plant17_slide2_image8.1,4,44.3607,late,y
WT_2.8.19_plant17_slide2_image8.1,5,57.255,late,y
WT_2.8.19_plant17_slide2_image8.2,1,54.6301,late,y
WT_2.8.19_plant17_slide2_image8.2,2,35.8174,late,y
WT_2.8.19_plant17_slide2_image8.2,3,47.1231,late,y
WT_2.8.19_plant17_slide2_image8.2,4,39.2645,late,y
WT_2.8.19_plant17_slide2_image8.2,5,34.6727,late,y
WT_2.8.19_plant17_slide2_image8.3,1,43.1724,late,y
WT_2.8.19_plant17_slide2_image8.3,2,61.8962,late,y
WT_2.8.19_plant17_slide2_image8.3,3,38.0566,late,y
WT_2.8.19_plant17_slide2_image8.3,4,52.1614,late,y
WT_2.8.19_plant17_slide2_image8.3,5,34.3711,late,y
WT_2.8.19_plant17_slide2_image10,1,84.1646,mid/early,y
WT_2.8.19_plant17_slide2_image10,2,57.5705,mid/early,y
WT_2.8.19_plant17_slide2_image10,3,53.3889,mid/early,y
WT_2.8.19_plant17_slide2_image10,4,63.8371,mid/early,y
WT_2.8.19_plant17_slide2_image10,5,72.993,mid/early,y
WT_2.8.19_plant17_slide2_image11,1,43.6641,mid,y
WT_2.8.19_plant17_slide2_image11,2,42.7812,mid,y
WT_2.8.19_plant17_slide2_image11,3,60.9604,mid,y
WT_2.8.19_plant17_slide2_image11,4,70.3617,mid,y
WT_2.8.19_plant17_slide2_image11,5,52.8219,mid,y
WT_2.8.19_plant17_slide2_image12,1,40.5238,mid,y
WT_2.8.19_plant17_slide2_image12,2,63.7851,mid,y
WT_2.8.19_plant17_slide2_image12,3,41.5533,mid,y
WT_2.8.19_plant17_slide2_image12,4,45.804,mid,y
WT_2.8.19_plant17_slide2_image12,5,57.6269,mid,y
WT_2.8.19_plant17_slide2_image13,1,53.9855,Mid,n
WT_2.8.19_plant17_slide2_image13,2,61.1642,Mid,y
WT_2.8.19_plant17_slide2_image13,3,36.8919,Mid,y
WT_2.8.19_plant17_slide2_image13,4,46.1033,Mid,n
WT_2.8.19_plant17_slide2_image13,5,35.673,Mid,y
WT_2.8.19_plant17_slide1_image3,1,45.0425,late,y
WT_2.8.19_plant17_slide1_image3,2,57.1392,late,y
WT_2.8.19_plant17_slide1_image3,3,42.3013,late,y
WT_2.8.19_plant17_slide1_image3,4,51.8642,late,y
WT_2.8.19_plant17_slide1_image3,5,35.306,late,y
WT_23.10.19_plant21_slide1_image2,1,51.8672,late,y
WT_23.10.19_plant21_slide1_image2,2,71.705,late,n
WT_23.10.19_plant21_slide1_image2,3,41.9492,late,y
WT_23.10.19_plant21_slide1_image2,4,39.5053,late,n
WT_23.10.19_plant21_slide1_image2,5,66.0024,late,y
WT_23.10.19_plant21_slide1_image3,1,55.9092,mid/late,y
WT_23.10.19_plant21_slide1_image3,2,47.7933,mid/late,y
WT_23.10.19_plant21_slide1_image3,3,43.9175,mid/late,y
WT_23.10.19_plant21_slide1_image3,4,33.8905,mid/late,y
WT_23.10.19_plant21_slide1_image3,5,34.6434,mid/late,y
WT_23.10.19_plant21_slide1_image4,1,32.2929,late,y
WT_23.10.19_plant21_slide1_image4,2,67.6324,late,y
WT_23.10.19_plant21_slide1_image4,3,53.9908,late,y
WT_23.10.19_plant21_slide1_image4,4,46.3458,late,y
WT_23.10.19_plant21_slide1_image4,5,26.1901,late,y
WT_23.10.19_plant21_slide1_image5,1,37.8489,mid/late,y
WT_23.10.19_plant21_slide1_image5,2,45.7139,mid/late,y
WT_23.10.19_plant21_slide1_image5,3,35.4395,mid/late,y
WT_23.10.19_plant21_slide1_image5,4,30.9819,mid/late,y
WT_23.10.19_plant21_slide1_image5,5,46.6244,mid/late,y
WT_23.10.19_plant21_slide1_image6.1,1,38.6662,late,y
WT_23.10.19_plant21_slide1_image6.1,2,32.9472,late,y
WT_23.10.19_plant21_slide1_image6.1,3,54.5605,late,y
WT_23.10.19_plant21_slide1_image6.1,4,50.1547,late,y
WT_23.10.19_plant21_slide1_image6.1,5,35.0974,late,y
WT_23.10.19_plant21_slide1_image6.2,1,34.4627,late,y
WT_23.10.19_plant21_slide1_image6.2,2,34.0509,late,y
WT_23.10.19_plant21_slide1_image6.2,3,40.8994,late,y
WT_23.10.19_plant21_slide1_image6.2,4,45.694,late,y
WT_23.10.19_plant21_slide1_image6.2,5,48.5863,late,y
WT_23.10.19_plant21_slide1_image7,1,42.0155,late,y
WT_23.10.19_plant21_slide1_image7,2,54.4815,late,y
WT_23.10.19_plant21_slide1_image7,3,37.6969,late,y
WT_23.10.19_plant21_slide1_image7,4,34.1353,late,y
WT_23.10.19_plant21_slide1_image7,5,46.2612,late,y
WT_23.10.19_plant21_slide1_image10,1,54.8159,late,y
WT_23.10.19_plant21_slide1_image10,2,64.9046,late,n
WT_23.10.19_plant21_slide1_image10,3,46.0381,late,n
WT_23.10.19_plant21_slide1_image10,4,37.9419,late,y
WT_23.10.19_plant21_slide1_image10,5,38.2474,late,y
WT_23.10.19_plant21_slide1_image11,1,41.5446,late,n
WT_23.10.19_plant21_slide1_image11,2,41.831,late,y
WT_23.10.19_plant21_slide1_image11,3,64.4996,late,n
WT_23.10.19_plant21_slide1_image11,4,29.3697,late,y
WT_23.10.19_plant21_slide1_image11,5,35.1922,late,y
WT_23.10.19_plant21_slide1_image13.1,1,50.4267,mid,y
WT_23.10.19_plant21_slide1_image13.1,2,29.9394,mid,y
WT_23.10.19_plant21_slide1_image13.1,3,32.794,mid,y
WT_23.10.19_plant21_slide1_image13.1,4,45.8007,mid,n
WT_23.10.19_plant21_slide1_image13.1,5,35.6429,mid,y
WT_23.10.19_plant21_slide1_image13.2,1,53.6737,mid,y
WT_23.10.19_plant21_slide1_image13.2,2,42.8286,mid,y
WT_23.10.19_plant21_slide1_image13.2,3,34.7798,mid,y
WT_23.10.19_plant21_slide1_image13.2,4,46.2165,mid,n
WT_23.10.19_plant21_slide1_image13.2,5,32.198,mid,y
WT_23.10.19_plant21_slide1_image14,1,32.2461,mid/late,y
WT_23.10.19_plant21_slide1_image14,2,31.9617,mid/late,y
WT_23.10.19_plant21_slide1_image14,3,50.7349,mid/late,y
WT_23.10.19_plant21_slide1_image14,4,35.3607,mid/late,y
WT_23.10.19_plant21_slide1_image14,5,45.2617,mid/late,y
WT_23.10.19_plant21_slide1_image15,1,42.3255,mid,y
WT_23.10.19_plant21_slide1_image15,2,35.0088,mid,y
WT_23.10.19_plant21_slide1_image15,3,53.796,mid,y
WT_23.10.19_plant21_slide1_image15,4,49.1586,mid,y
WT_23.10.19_plant21_slide1_image15,5,37.2426,mid,y
WT_15.11.19_plant22_slide2_image9,1,70.5159,late,y
WT_15.11.19_plant22_slide2_image9,2,61.6399,late,y
WT_15.11.19_plant22_slide2_image9,3,63.3812,late,y
WT_15.11.19_plant22_slide2_image9,4,44.7619,late,y
WT_15.11.19_plant22_slide2_image9,5,51.3027,late,y
WT_15.11.19_plant22_slide2_image2,1,65.7178,late,y
WT_15.11.19_plant22_slide2_image2,2,54.3845,late,y
WT_15.11.19_plant22_slide2_image2,3,40.8997,late,y
WT_15.11.19_plant22_slide2_image2,4,58.1064,late,y
WT_15.11.19_plant22_slide2_image2,5,42.2757,late,y
WT_15.11.19_plant22_slide2_image3,1,68.9619,late,y
WT_15.11.19_plant22_slide2_image3,2,68.0184,late,y
WT_15.11.19_plant22_slide2_image3,3,41.9881,late,y
WT_15.11.19_plant22_slide2_image3,4,45.6865,late,y
WT_15.11.19_plant22_slide2_image3,5,50.634,late,y
WT_15.11.19_plant22_slide2_image7,1,40.77,late,y
WT_15.11.19_plant22_slide2_image7,2,42.414,late,y
WT_15.11.19_plant22_slide2_image7,3,51.0998,late,y
WT_15.11.19_plant22_slide2_image7,4,54.9305,late,y
WT_15.11.19_plant22_slide2_image7,5,36.7315,late,y
WT_15.11.19_plant22_slide2_image8,1,49.7159,late,y
WT_15.11.19_plant22_slide2_image8,2,45.2161,late,y
WT_15.11.19_plant22_slide2_image8,3,63.8841,late,y
WT_15.11.19_plant22_slide2_image8,4,74.3804,late,y
WT_15.11.19_plant22_slide2_image8,5,53.9884,late,y
WT_15.11.19_plant22_slide2_image10,1,60.9659,late,y
WT_15.11.19_plant22_slide2_image10,2,76.759,late,y
WT_15.11.19_plant22_slide2_image10,3,49.295,late,y
WT_15.11.19_plant22_slide2_image10,4,46.551,late,y
WT_15.11.19_plant22_slide2_image10,5,73.706,late,y
WT_15.11.19_plant22_slide2_image11,1,60.8059,late,y
WT_15.11.19_plant22_slide2_image11,2,67.5094,late,y
WT_15.11.19_plant22_slide2_image11,3,50.1771,late,y
WT_15.11.19_plant22_slide2_image11,4,46.4813,late,y
WT_15.11.19_plant22_slide2_image11,5,42.8588,late,y
WT_15.11.19_plant22_slide2_image12,1,56.3784,late,y
WT_15.11.19_plant22_slide2_image12,2,64.4884,late,y
WT_15.11.19_plant22_slide2_image12,3,39.0525,late,y
WT_15.11.19_plant22_slide2_image12,4,47.2892,late,y
WT_15.11.19_plant22_slide2_image12,5,38.0624,late,y
WT_15.11.19_plant22_slide2_image14,1,64.2922,late,y
WT_15.11.19_plant22_slide2_image14,2,39.2728,late,y
WT_15.11.19_plant22_slide2_image14,3,53.8861,late,y
WT_15.11.19_plant22_slide2_image14,4,42.794,late,y
WT_15.11.19_plant22_slide2_image14,5,48.0179,late,y
WT_15.11.19_plant22_slide2_image15,1,38.6795,late,y
WT_15.11.19_plant22_slide2_image15,2,36.0125,late,y
WT_15.11.19_plant22_slide2_image15,3,53.3824,late,y
WT_15.11.19_plant22_slide2_image15,4,61.9213,late,y
WT_15.11.19_plant22_slide2_image15,5,47.2616,late,y
WT_15.11.19_plant22_slide2_image16,1,51.5593,late,y
WT_15.11.19_plant22_slide2_image16,2,43.8922,late,y
WT_15.11.19_plant22_slide2_image16,3,63.696,late,y
WT_15.11.19_plant22_slide2_image16,4,40.6207,late,y
WT_15.11.19_plant22_slide2_image16,5,57.2163,late,y
WT_15.11.19_plant22_slide2_image17,1,56.6315,late,y
WT_15.11.19_plant22_slide2_image17,2,49.8352,late,y
WT_15.11.19_plant22_slide2_image17,3,69.6426,late,y
WT_15.11.19_plant22_slide2_image17,4,48.7942,late,y
WT_15.11.19_plant22_slide2_image17,5,64.714,late,y
WT_15.11.19_plant22_slide2_image18,1,44.8964,late,y
WT_15.11.19_plant22_slide2_image18,2,54.8349,late,y
WT_15.11.19_plant22_slide2_image18,3,40.1415,late,y
WT_15.11.19_plant22_slide2_image18,4,41.2993,late,y
WT_15.11.19_plant22_slide2_image18,5,56.7347,late,y
WT_15.11.19_plant22_slide2_image20,1,44.872,late,y
WT_15.11.19_plant22_slide2_image20,2,37.9664,late,y
WT_15.11.19_plant22_slide2_image20,3,53.3362,late,y
WT_15.11.19_plant22_slide2_image20,4,38.8045,late,y
WT_15.11.19_plant22_slide2_image20,5,59.7316,late,y
WT_15.11.19_plant22_slide2_image21.1,1,39.4973,late,y
WT_15.11.19_plant22_slide2_image21.1,2,34.6193,late,y
WT_15.11.19_plant22_slide2_image21.1,3,38.3161,late,y
WT_15.11.19_plant22_slide2_image21.1,4,51.2259,late,y
WT_15.11.19_plant22_slide2_image21.1,5,57.9002,late,y
WT_15.11.19_plant22_slide2_image21.2,1,37.7645,late,y
WT_15.11.19_plant22_slide2_image21.2,2,43.1026,late,y
WT_15.11.19_plant22_slide2_image21.2,3,63.872,late,y
WT_15.11.19_plant22_slide2_image21.2,4,50.1174,late,y
WT_15.11.19_plant22_slide2_image21.2,5,54.9743,late,y
WT_15.11.19_plant22_slide2_image22,1,39.688,late,y
WT_15.11.19_plant22_slide2_image22,2,58.7998,late,y
WT_15.11.19_plant22_slide2_image22,3,45.7379,late,y
WT_15.11.19_plant22_slide2_image22,4,40.822,late,y
WT_15.11.19_plant22_slide2_image22,5,66.0238,late,y
WT_15.11.19_plant22_slide2_image25,1,50.4007,late,y
WT_15.11.19_plant22_slide2_image25,2,39.4202,late,y
WT_15.11.19_plant22_slide2_image25,3,65.8949,late,y
WT_15.11.19_plant22_slide2_image25,4,36.7975,late,y
WT_15.11.19_plant22_slide2_image25,5,55.4004,late,y
WT_15.11.19_plant22_slide2_image28,1,48.4794,late,y
WT_15.11.19_plant22_slide2_image28,2,39.8576,late,y
WT_15.11.19_plant22_slide2_image28,3,38.1081,late,y
WT_15.11.19_plant22_slide2_image28,4,53.0531,late,y
WT_15.11.19_plant22_slide2_image28,5,45.0398,late,y
WT_15.11.19_plant22_slide2_image29,1,90.6004,late,n
WT_15.11.19_plant22_slide2_image29,2,88.2396,late,y
WT_15.11.19_plant22_slide2_image29,3,74.7996,late,n
WT_15.11.19_plant22_slide2_image29,4,63.0298,late,y
WT_15.11.19_plant22_slide2_image29,5,73.2111,late,y
WT_15.11.19_plant22_slide1_image1.1,1,50.3072,mid/late,y
WT_15.11.19_plant22_slide1_image1.1,2,63.2988,mid/late,y
WT_15.11.19_plant22_slide1_image1.1,3,38.8074,mid/late,y
WT_15.11.19_plant22_slide1_image1.1,4,39.0628,mid/late,y
WT_15.11.19_plant22_slide1_image1.1,5,62.5254,mid/late,y
WT_15.11.19_plant22_slide1_image1.2,1,50.4262,mid,y
WT_15.11.19_plant22_slide1_image1.2,2,56.9491,mid,y
WT_15.11.19_plant22_slide1_image1.2,3,63.2316,mid,n
WT_15.11.19_plant22_slide1_image1.2,4,35.0185,mid,y
WT_15.11.19_plant22_slide1_image1.2,5,43.1104,mid,y
WT_15.11.19_plant22_slide1_image2,1,52.0428,late,y
WT_15.11.19_plant22_slide1_image2,2,36.6666,late,y
WT_15.11.19_plant22_slide1_image2,3,57.0099,late,y
WT_15.11.19_plant22_slide1_image2,4,36.0178,late,y
WT_15.11.19_plant22_slide1_image2,5,38.6936,late,y
WT_15.11.19_plant22_slide1_image4,1,47.969,late,y
WT_15.11.19_plant22_slide1_image4,2,42.0312,late,y
WT_15.11.19_plant22_slide1_image4,3,57.8774,late,n
WT_15.11.19_plant22_slide1_image4,4,54.0896,late,y
WT_15.11.19_plant22_slide1_image4,5,39.5906,late,y
WT_15.11.19_plant22_slide1_image7,1,50.9185,mid/late,y
WT_15.11.19_plant22_slide1_image7,2,61.4706,mid/late,n
WT_15.11.19_plant22_slide1_image7,3,60.4822,mid/late,y
WT_15.11.19_plant22_slide1_image7,4,36.3848,mid/late,n
WT_15.11.19_plant22_slide1_image7,5,38.5322,mid/late,y
WT_15.11.19_plant22_slide1_image9.1,1,48.7804,late,y
WT_15.11.19_plant22_slide1_image9.1,2,53.6034,late,y
WT_15.11.19_plant22_slide1_image9.1,3,34.492,late,y
WT_15.11.19_plant22_slide1_image9.1,4,35.3601,late,y
WT_15.11.19_plant22_slide1_image9.1,5,40.0191,late,y
WT_15.11.19_plant22_slide1_image9.2,1,37.2192,late,y
WT_15.11.19_plant22_slide1_image9.2,2,36.9838,late,y
WT_15.11.19_plant22_slide1_image9.2,3,63.4497,late,y
WT_15.11.19_plant22_slide1_image9.2,4,53.1977,late,y
WT_15.11.19_plant22_slide1_image9.2,5,47.3457,late,y
WT_15.11.19_plant22_slide1_image9.3,1,59.1349,late,y
WT_15.11.19_plant22_slide1_image9.3,2,62.0647,late,y
WT_15.11.19_plant22_slide1_image9.3,3,36.0999,late,y
WT_15.11.19_plant22_slide1_image9.3,4,43.9483,late,y
WT_15.11.19_plant22_slide1_image9.3,5,38.4007,late,y
WT_15.11.19_plant22_slide1_image10,1,55.8308,mid/late,y
WT_15.11.19_plant22_slide1_image10,2,74.5826,mid/late,y
WT_15.11.19_plant22_slide1_image10,3,47.3463,mid/late,y
WT_15.11.19_plant22_slide1_image10,4,68.126,mid/late,y
WT_15.11.19_plant22_slide1_image10,5,62.9039,mid/late,y
WT_15.11.19_plant22_slide1_image14.1,1,35.2677,late,y
WT_15.11.19_plant22_slide1_image14.1,2,55.1577,late,y
WT_15.11.19_plant22_slide1_image14.1,3,46.0063,late,y
WT_15.11.19_plant22_slide1_image14.1,4,40.0323,late,n
WT_15.11.19_plant22_slide1_image14.1,5,60.4938,late,y
WT_15.11.19_plant22_slide1_image14.2,1,34.8235,late,y
WT_15.11.19_plant22_slide1_image14.2,2,40.4739,late,y
WT_15.11.19_plant22_slide1_image14.2,3,32.9266,late,y
WT_15.11.19_plant22_slide1_image14.2,4,45.4344,late,y
WT_15.11.19_plant22_slide1_image14.2,5,45.7173,late,n
WT_15.11.19_plant22_slide1_image14.3,1,58.5062,late,y
WT_15.11.19_plant22_slide1_image14.3,2,49.1971,late,y
WT_15.11.19_plant22_slide1_image14.3,3,41.5234,late,y
WT_15.11.19_plant22_slide1_image14.3,4,39.1977,late,y
WT_15.11.19_plant22_slide1_image14.3,5,62.0032,late,n
WT_15.11.19_plant22_slide1_image14.4,1,62.5002,late,y
WT_15.11.19_plant22_slide1_image14.4,2,59.9931,late,y
WT_15.11.19_plant22_slide1_image14.4,3,41.6246,late,n
WT_15.11.19_plant22_slide1_image14.4,4,48.8231,late,y
WT_15.11.19_plant22_slide1_image14.4,5,41.2774,late,y
WT_15.11.19_plant22_slide1_image17.1,1,62.2596,mid/late,y
WT_15.11.19_plant22_slide1_image17.1,2,48.7694,mid/late,y
WT_15.11.19_plant22_slide1_image17.1,3,40.1989,mid/late,y
WT_15.11.19_plant22_slide1_image17.1,4,42.4007,mid/late,y
WT_15.11.19_plant22_slide1_image17.1,5,53.6381,mid/late,y
WT_15.11.19_plant22_slide1_image17.2,1,49.4018,late,y
WT_15.11.19_plant22_slide1_image17.2,2,47.6025,late,y
WT_15.11.19_plant22_slide1_image17.2,3,38.7621,late,y
WT_15.11.19_plant22_slide1_image17.2,4,37.5848,late,y
WT_15.11.19_plant22_slide1_image17.2,5,61.3603,late,y
WT_19.11.19_plant11_slide3_image1,1,69.8039,early,y
WT_19.11.19_plant11_slide3_image1,2,45.3554,early,y
WT_19.11.19_plant11_slide3_image1,3,66.2076,early,y
WT_19.11.19_plant11_slide3_image1,4,52.9092,early,y
WT_19.11.19_plant11_slide3_image1,5,47.2842,early,y
WT_19.11.19_plant11_slide3_image2,1,40.8273,early,y
WT_19.11.19_plant11_slide3_image2,2,45.4696,early,y
WT_19.11.19_plant11_slide3_image2,3,48.9981,early,n
WT_19.11.19_plant11_slide3_image2,4,32.392,early,y
WT_19.11.19_plant11_slide3_image2,5,36.6723,early,y
WT_19.11.19_plant11_slide3_image3,1,58.2349,mid,y
WT_19.11.19_plant11_slide3_image3,2,58.5734,mid,y
WT_19.11.19_plant11_slide3_image3,3,43.8709,mid,y
WT_19.11.19_plant11_slide3_image3,4,35.873,mid,y
WT_19.11.19_plant11_slide3_image3,5,38.3377,mid,y
WT_19.11.19_plant11_slide3_image4,1,44.3147,early,y
WT_19.11.19_plant11_slide3_image4,2,44.7882,early,n
WT_19.11.19_plant11_slide3_image4,3,64.4046,early,y
WT_19.11.19_plant11_slide3_image4,4,51.0685,early,y
WT_19.11.19_plant11_slide3_image4,5,61.6436,early,n
WT_19.11.19_plant11_slide3_image5,1,45.0177,early,y
WT_19.11.19_plant11_slide3_image5,2,36.5451,early,y
WT_19.11.19_plant11_slide3_image5,3,60.2678,early,y
WT_19.11.19_plant11_slide3_image5,4,37.6904,early,y
WT_19.11.19_plant11_slide3_image5,5,50.895,early,n
WT_19.11.19_plant11_slide3_image11,1,44.8635,early,n
WT_19.11.19_plant11_slide3_image11,2,43.8901,early,y
WT_19.11.19_plant11_slide3_image11,3,55.4282,early,n
WT_19.11.19_plant11_slide3_image11,4,65.9869,early,y
WT_19.11.19_plant11_slide3_image11,5,61.5903,early,y
WT_19.11.19_plant11_slide3_image14,1,51.4592,early,y
WT_19.11.19_plant11_slide3_image14,2,48.2266,early,y
WT_19.11.19_plant11_slide3_image14,3,40.4848,early,y
WT_19.11.19_plant11_slide3_image14,4,33.7007,early,y
WT_19.11.19_plant11_slide3_image14,5,33.0295,early,y
WT_19.11.19_plant11_slide3_image16,1,50.9398,early,y
WT_19.11.19_plant11_slide3_image16,2,43.7501,early,y
WT_19.11.19_plant11_slide3_image16,3,45.0837,early,y
WT_19.11.19_plant11_slide3_image16,4,61.6782,early,y
WT_19.11.19_plant11_slide3_image16,5,75.7016,early,n
WT_19.11.19_plant11_slide3_image18,1,42.0682,early,y
WT_19.11.19_plant11_slide3_image18,2,50.2908,early,y
WT_19.11.19_plant11_slide3_image18,3,40.5439,early,y
WT_19.11.19_plant11_slide3_image18,4,55.7644,early,y
WT_19.11.19_plant11_slide3_image18,5,65.8066,early,y
WT_5.12.19_plant16_slide2_image1,1,56.8175,late,y
WT_5.12.19_plant16_slide2_image1,2,47.6353,late,y
WT_5.12.19_plant16_slide2_image1,3,41.0829,late,y
WT_5.12.19_plant16_slide2_image1,4,36.2948,late,y
WT_5.12.19_plant16_slide2_image1,5,39.2646,late,y
WT_5.12.19_plant16_slide2_image2,1,53.4696,mid/late,n
WT_5.12.19_plant16_slide2_image2,2,45.3921,mid/late,y
WT_5.12.19_plant16_slide2_image2,3,31.4968,mid/late,y
WT_5.12.19_plant16_slide2_image2,4,33.6915,mid/late,y
WT_5.12.19_plant16_slide2_image2,5,49.0618,mid/late,y
WT_5.12.19_plant16_slide2_image3,1,44.7796,late,y
WT_5.12.19_plant16_slide2_image3,2,48.7024,late,y
WT_5.12.19_plant16_slide2_image3,3,43.1548,late,y
WT_5.12.19_plant16_slide2_image3,4,57.1833,late,y
WT_5.12.19_plant16_slide2_image3,5,37.2863,late,y
WT_5.12.19_plant16_slide2_image4,1,34.5254,late,y
WT_5.12.19_plant16_slide2_image4,2,35.4666,late,y
WT_5.12.19_plant16_slide2_image4,3,33.1323,late,y
WT_5.12.19_plant16_slide2_image4,4,37.2138,late,y
WT_5.12.19_plant16_slide2_image4,5,46.4966,late,y
WT_5.12.19_plant16_slide2_image5,1,48.2151,late,y
WT_5.12.19_plant16_slide2_image5,2,40.0275,late,n
WT_5.12.19_plant16_slide2_image5,3,58.2165,late,y
WT_5.12.19_plant16_slide2_image5,4,27.0173,late,y
WT_5.12.19_plant16_slide2_image5,5,31.1521,late,y
WT_5.12.19_plant16_slide2_image6,1,33.0446,late,y
WT_5.12.19_plant16_slide2_image6,2,34.4531,late,y
WT_5.12.19_plant16_slide2_image6,3,41.7356,late,y
WT_5.12.19_plant16_slide2_image6,4,45.4847,late,y
WT_5.12.19_plant16_slide2_image6,5,51.3697,late,y
WT_5.12.19_plant16_slide2_image7,1,44.0209,late/mid,y
WT_5.12.19_plant16_slide2_image7,2,59.2482,late/mid,y
WT_5.12.19_plant16_slide2_image7,3,38.3218,late/mid,n
WT_5.12.19_plant16_slide2_image7,4,52.6024,late/mid,y
WT_5.12.19_plant16_slide2_image7,5,42.3961,late/mid,n
WT_5.12.19_plant16_slide2_image8,1,53.7772,mid,y
WT_5.12.19_plant16_slide2_image8,2,37.7799,mid,y
WT_5.12.19_plant16_slide2_image8,3,39.0976,mid,same as path 2?
WT_5.12.19_plant16_slide2_image8,4,46.738,mid,y
WT_5.12.19_plant16_slide2_image8,5,67.253,mid,y
WT_5.12.19_plant16_slide2_image11,1,39.5384,late,y
WT_5.12.19_plant16_slide2_image11,2,47.41,late,y
WT_5.12.19_plant16_slide2_image11,3,33.4181,late,y
WT_5.12.19_plant16_slide2_image11,4,23.647,late,y
WT_5.12.19_plant16_slide2_image11,5,47.9277,late,y
WT_5.12.19_plant16_slide2_image12,1,43.182,mid,y
WT_5.12.19_plant16_slide2_image12,2,42.8983,mid,y
WT_5.12.19_plant16_slide2_image12,3,67.0109,mid,y
WT_5.12.19_plant16_slide2_image12,4,49.3765,mid,y
WT_5.12.19_plant16_slide2_image12,5,61.1922,mid,y
WT_5.12.19_plant16_slide2_image13,1,49.1938,late,y
WT_5.12.19_plant16_slide2_image13,2,36.8777,late,n
WT_5.12.19_plant16_slide2_image13,3,38.6612,late,y
WT_5.12.19_plant16_slide2_image13,4,43.5915,late,y
WT_5.12.19_plant16_slide2_image13,5,55.7163,late,y
WT_5.12.19_plant16_slide2_image14,1,48.4938,mid/late,y
WT_5.12.19_plant16_slide2_image14,2,67.1874,mid/late,y
WT_5.12.19_plant16_slide2_image14,3,41.6515,mid/late,y
WT_5.12.19_plant16_slide2_image14,4,56.608,mid/late,y
WT_5.12.19_plant16_slide2_image14,5,43.2132,mid/late,y
WT_5.12.19_plant16_slide2_image15,1,49.1803,mid,y
WT_5.12.19_plant16_slide2_image15,2,54.0263,mid,y
WT_5.12.19_plant16_slide2_image15,3,64.2064,mid,y
WT_5.12.19_plant16_slide2_image15,4,37.5894,mid,y
WT_5.12.19_plant16_slide2_image15,5,38.6072,mid,y
WT_5.12.19_plant16_slide2_image16,1,45.6627,late,y
WT_5.12.19_plant16_slide2_image16,2,52.9231,late,y
WT_5.12.19_plant16_slide2_image16,3,30.8205,late,y
WT_5.12.19_plant16_slide2_image16,4,34.0167,late,y
WT_5.12.19_plant16_slide2_image16,5,38.3731,late,y
WT_5.12.19_plant16_slide2_image17,1,47.2173,mid,y
WT_5.12.19_plant16_slide2_image17,2,50.4545,mid,y
WT_5.12.19_plant16_slide2_image17,3,41.9552,mid,y
WT_5.12.19_plant16_slide2_image17,4,33.4046,mid,y
WT_5.12.19_plant16_slide2_image17,5,35.3442,mid,y
WT_5.12.19_plant16_slide2_image18,1,46.1233,mid/late,y
WT_5.12.19_plant16_slide2_image18,2,54.3255,mid/late,y
WT_5.12.19_plant16_slide2_image18,3,40.8997,mid/late,n
WT_5.12.19_plant16_slide2_image18,4,40.0035,mid/late,y
WT_5.12.19_plant16_slide2_image18,5,57.6172,mid/late,n
WT_5.12.19_plant16_slide2_image19,1,50.8673,mid,y
WT_5.12.19_plant16_slide2_image19,2,40.2438,mid,y
WT_5.12.19_plant16_slide2_image19,3,35.0841,mid,y
WT_5.12.19_plant16_slide2_image19,4,41.6203,mid,y
WT_5.12.19_plant16_slide2_image19,5,54.7,mid,y
WT_5.12.19_plant16_slide2_image21,1,47.6666,late,y
WT_5.12.19_plant16_slide2_image21,2,54.1179,late,y
WT_5.12.19_plant16_slide2_image21,3,44.1973,late,y
WT_5.12.19_plant16_slide2_image21,4,35.7558,late,y
WT_5.12.19_plant16_slide2_image21,5,27.52,late,y
WT_5.12.19_plant16_slide2_image22,1,37.6998,late,y
WT_5.12.19_plant16_slide2_image22,2,33.6771,late,y
WT_5.12.19_plant16_slide2_image22,3,58.5615,late,n
WT_5.12.19_plant16_slide2_image22,4,52.9868,late,y
WT_5.12.19_plant16_slide2_image22,5,42.5989,late,y
WT_5.12.19_plant16_slide2_image23,1,45.2301,late,y
WT_5.12.19_plant16_slide2_image23,2,34.49,late,y
WT_5.12.19_plant16_slide2_image23,3,32.8489,late,y
WT_5.12.19_plant16_slide2_image23,4,50.8077,late,y
WT_5.12.19_plant16_slide2_image23,5,31.954,late,y
WT_5.12.19_plant16_slide2_image24,1,50.1395,mid/late,n
WT_5.12.19_plant16_slide2_image24,2,34.0672,mid/late,y
WT_5.12.19_plant16_slide2_image24,3,36.1737,mid/late,n
WT_5.12.19_plant16_slide2_image24,4,41.6689,mid/late,y
WT_5.12.19_plant16_slide2_image24,5,52.2741,mid/late,y
WT_5.12.19_plant16_slide2_image25,1,39.4087,late,y
WT_5.12.19_plant16_slide2_image25,2,31.007,late,y
WT_5.12.19_plant16_slide2_image25,3,35.3426,late,y
WT_5.12.19_plant16_slide2_image25,4,47.4709,late,y
WT_5.12.19_plant16_slide2_image25,5,54.5016,late,y
WT_5.12.19_plant16_slide2_image26,1,46.267,late,y
WT_5.12.19_plant16_slide2_image26,2,47.1428,late,y
WT_5.12.19_plant16_slide2_image26,3,31.186,late,y
WT_5.12.19_plant16_slide2_image26,4,36.3345,late,n
WT_5.12.19_plant16_slide2_image26,5,28.835,late,y
WT_5.12.19_plant16_slide2_image27,1,29.2322,late,y
WT_5.12.19_plant16_slide2_image27,2,51.8412,late,y
WT_5.12.19_plant16_slide2_image27,3,35.7995,late,y
WT_5.12.19_plant16_slide2_image27,4,47.0658,late,y
WT_5.12.19_plant16_slide2_image27,5,32.0306,late,y
WT_5.12.19_plant16_slide2_image28,1,45.9916,late,y
WT_5.12.19_plant16_slide2_image28,2,54.1846,late,y
WT_5.12.19_plant16_slide2_image28,3,36.8861,late,y
WT_5.12.19_plant16_slide2_image28,4,38.0548,late,y
WT_5.12.19_plant16_slide2_image28,5,62.2893,late,y
WT_5.12.19_plant16_slide2_image30,1,54.7909,mid/late,y
WT_5.12.19_plant16_slide2_image30,2,42.2553,mid/late,y
WT_5.12.19_plant16_slide2_image30,3,47.3318,mid/late,y
WT_5.12.19_plant16_slide2_image30,4,37.0455,mid/late,y
WT_5.12.19_plant16_slide2_image30,5,35.3471,mid/late,y
WT_5.12.19_plant16_slide2_image31,1,41.1216,mid,y
WT_5.12.19_plant16_slide2_image31,2,41.1865,mid,y
WT_5.12.19_plant16_slide2_image31,3,54.7291,mid,n
WT_5.12.19_plant16_slide2_image31,4,62.4017,mid,n
WT_5.12.19_plant16_slide2_image31,5,74.9195,mid,n
WT_5.12.19_plant16_slide2_image33,1,38.3142,mid,y
WT_5.12.19_plant16_slide2_image33,2,36.5865,mid,y
WT_5.12.19_plant16_slide2_image33,3,64.9138,mid,y
WT_5.12.19_plant16_slide2_image33,4,53.4799,mid,y
WT_5.12.19_plant16_slide2_image33,5,45.7415,mid,y
WT_5.12.19_plant11_slide1_image1,1,41.2436,late,y
WT_5.12.19_plant11_slide1_image1,2,44.2466,late,y
WT_5.12.19_plant11_slide1_image1,3,58.3924,late,y
WT_5.12.19_plant11_slide1_image1,4,35.42,late,y
WT_5.12.19_plant11_slide1_image1,5,53.5842,late,n
WT_5.12.19_plant11_slide1_image2,1,59.0411,late,y
WT_5.12.19_plant11_slide1_image2,2,65.0502,late,y
WT_5.12.19_plant11_slide1_image2,3,44.3321,late,y
WT_5.12.19_plant11_slide1_image2,4,42.1353,late,y
WT_5.12.19_plant11_slide1_image2,5,50.402,late,y
WT_5.12.19_plant11_slide1_image3,1,41.9228,late,y
WT_5.12.19_plant11_slide1_image3,2,58.85,late,y
WT_5.12.19_plant11_slide1_image3,3,43.8712,late,y
WT_5.12.19_plant11_slide1_image3,4,54.2922,late,y
WT_5.12.19_plant11_slide1_image3,5,38.1804,late,y
WT_5.12.19_plant11_slide1_image4,1,59.6183,late,y
WT_5.12.19_plant11_slide1_image4,2,49.5036,late,y
WT_5.12.19_plant11_slide1_image4,3,64.2864,late,y
WT_5.12.19_plant11_slide1_image4,4,41.5226,late,y
WT_5.12.19_plant11_slide1_image4,5,39.3571,late,y
WT_5.12.19_plant11_slide1_image5,1,39.9464,mid,y
WT_5.12.19_plant11_slide1_image5,2,47.225,mid,y
WT_5.12.19_plant11_slide1_image5,3,51.9962,mid,y
WT_5.12.19_plant11_slide1_image5,4,60.4621,mid,y
WT_5.12.19_plant11_slide1_image5,5,60.6185,mid,y
WT_5.12.19_plant11_slide1_image6,1,38.7648,late,y
WT_5.12.19_plant11_slide1_image6,2,49.6556,late,y
WT_5.12.19_plant11_slide1_image6,3,53.2632,late,n
WT_5.12.19_plant11_slide1_image6,4,58.1304,late,y
WT_5.12.19_plant11_slide1_image6,5,64.5827,late,n
WT_5.12.19_plant11_slide1_image7,1,43.7128,mid,y
WT_5.12.19_plant11_slide1_image7,2,65.6831,mid,y
WT_5.12.19_plant11_slide1_image7,3,38.3764,mid,y
WT_5.12.19_plant11_slide1_image7,4,53.6651,mid,y
WT_5.12.19_plant11_slide1_image7,5,43.2315,mid,y
WT_5.12.19_plant11_slide1_image8,1,43.6777,late/mid,y
WT_5.12.19_plant11_slide1_image8,2,40.5107,late/mid,y
WT_5.12.19_plant11_slide1_image8,3,58.1022,late/mid,y
WT_5.12.19_plant11_slide1_image8,4,46.6565,late/mid,y
WT_5.12.19_plant11_slide1_image8,5,51.3314,late/mid,y
WT_5.12.19_plant11_slide1_image10,1,45.2428,mid,y
WT_5.12.19_plant11_slide1_image10,2,34.2495,mid,y
WT_5.12.19_plant11_slide1_image10,3,32.3293,mid,y
WT_5.12.19_plant11_slide1_image10,4,51.7473,mid,y
WT_5.12.19_plant11_slide1_image10,5,35.3218,mid,y
WT_5.12.19_plant11_slide1_image11,1,38.7273,mid,y
WT_5.12.19_plant11_slide1_image11,2,48.1522,mid,y
WT_5.12.19_plant11_slide1_image11,3,35.3801,mid,y
WT_5.12.19_plant11_slide1_image11,4,56.0173,mid,y
WT_5.12.19_plant11_slide1_image11,5,35.3787,mid,y
WT_5.12.19_plant11_slide1_image13,1,58.7118,mid,y
WT_5.12.19_plant11_slide1_image13,2,53.9955,mid,n
WT_5.12.19_plant11_slide1_image13,3,40.1612,mid,y
WT_5.12.19_plant11_slide1_image13,4,40.0756,mid,y
WT_5.12.19_plant11_slide1_image13,5,42.4255,mid,y
WT_5.12.19_plant11_slide1_image14,1,46.5843,early,n
WT_5.12.19_plant11_slide1_image14,2,56.6252,early,y
WT_5.12.19_plant11_slide1_image14,3,54.7615,early,y
WT_5.12.19_plant11_slide1_image14,4,40.7864,early,y
WT_5.12.19_plant11_slide1_image14,5,37.5727,early,y
WT_5.12.19_plant11_slide1_image15,1,39.5428,early,y
WT_5.12.19_plant11_slide1_image15,2,38.9721,early,y
WT_5.12.19_plant11_slide1_image15,3,49.9101,early,y
WT_5.12.19_plant11_slide1_image15,4,64.2196,early,y
WT_5.12.19_plant11_slide1_image15,5,54.6801,early,y
WT_5.12.19_plant11_slide1_image16,1,71.3131,mid,y
WT_5.12.19_plant11_slide1_image16,2,42.8339,mid,y
WT_5.12.19_plant11_slide1_image16,3,40.2184,mid,y
WT_5.12.19_plant11_slide1_image16,4,55.3531,mid,y
WT_5.12.19_plant11_slide1_image16,5,59.2195,mid,y
WT_5.12.19_plant11_slide1_image17,1,66.1725,early,y
WT_5.12.19_plant11_slide1_image17,2,57.4392,early,y
WT_5.12.19_plant11_slide1_image17,3,39.7271,early,y
WT_5.12.19_plant11_slide1_image17,4,50.3336,early,y
WT_5.12.19_plant11_slide1_image17,5,42.4571,early,y
WT_5.12.19_plant16_slide1_image1,1,68.6829,late,y
WT_5.12.19_plant16_slide1_image1,2,70.329,late,y
WT_5.12.19_plant16_slide1_image1,3,53.2269,late,y
WT_5.12.19_plant16_slide1_image1,4,49.7166,late,y
WT_5.12.19_plant16_slide1_image1,5,47.5524,late,y
WT_5.12.19_plant16_slide1_image4,1,74.6469,late,y
WT_5.12.19_plant16_slide1_image4,2,55.4707,late,y
WT_5.12.19_plant16_slide1_image4,3,46.3379,late,y
WT_5.12.19_plant16_slide1_image4,4,76.2369,late,y
WT_5.12.19_plant16_slide1_image4,5,55.5503,late,y
WT_5.12.19_plant16_slide1_image5,1,41.7259,mid,y
WT_5.12.19_plant16_slide1_image5,2,38.0516,mid,y
WT_5.12.19_plant16_slide1_image5,3,40.4362,mid,y
WT_5.12.19_plant16_slide1_image5,4,64.4252,mid,y
WT_5.12.19_plant16_slide1_image5,5,50.5004,mid,y
WT_5.12.19_plant16_slide1_image6,1,65.0109,late,y
WT_5.12.19_plant16_slide1_image6,2,56.6359,late,y
WT_5.12.19_plant16_slide1_image6,3,41.0565,late,y
WT_5.12.19_plant16_slide1_image6,4,47.9901,late,y
WT_5.12.19_plant16_slide1_image6,5,41.9089,late,y
WT_5.12.19_plant16_slide1_image9,1,75.2006,late,y
WT_5.12.19_plant16_slide1_image9,2,59.2966,late,y
WT_5.12.19_plant16_slide1_image9,3,66.4562,late,y
WT_5.12.19_plant16_slide1_image9,4,48.9221,late,y
WT_5.12.19_plant16_slide1_image9,5,48.0214,late,y
WT_5.12.19_plant16_slide1_image12,1,47.9668,late,y
WT_5.12.19_plant16_slide1_image12,2,40.4216,late,y
WT_5.12.19_plant16_slide1_image12,3,32.221,late,y
WT_5.12.19_plant16_slide1_image12,4,34.3446,late,y
WT_5.12.19_plant16_slide1_image12,5,47.1518,late,y
WT_5.12.19_plant16_slide1_image13,1,57.258,late,y
WT_5.12.19_plant16_slide1_image13,2,39.1065,late,y
WT_5.12.19_plant16_slide1_image13,3,45.9511,late,y
WT_5.12.19_plant16_slide1_image13,4,55.8376,late,y
WT_5.12.19_plant16_slide1_image13,5,39.2655,late,y
WT_5.12.19_plant16_slide1_image14,1,50.1697,mid,y
WT_5.12.19_plant16_slide1_image14,2,48.4033,mid,y
WT_5.12.19_plant16_slide1_image14,3,82.3202,mid,y
WT_5.12.19_plant16_slide1_image14,4,68.4949,mid,y
WT_5.12.19_plant16_slide1_image14,5,78.8569,mid,y
WT_5.12.19_plant11_slide2_image1,1,44.0297,late,y
WT_5.12.19_plant11_slide2_image1,2,63.6552,late,y
WT_5.12.19_plant11_slide2_image1,3,61.4214,late,y
WT_5.12.19_plant11_slide2_image1,4,44.3729,late,y
WT_5.12.19_plant11_slide2_image1,5,47.0245,late,y
WT_5.12.19_plant11_slide2_image2.1,1,40.897,late,n
WT_5.12.19_plant11_slide2_image2.1,2,62.8585,late,n
WT_5.12.19_plant11_slide2_image2.1,3,42.3384,late,y
WT_5.12.19_plant11_slide2_image2.1,4,56.5327,late,y
WT_5.12.19_plant11_slide2_image2.1,5,41.3194,late,y
WT_5.12.19_plant11_slide2_image2.2,1,42.165,late,y
WT_5.12.19_plant11_slide2_image2.2,2,60.2388,late,y
WT_5.12.19_plant11_slide2_image2.2,3,57.59,late,y
WT_5.12.19_plant11_slide2_image2.2,4,41.8912,late,y
WT_5.12.19_plant11_slide2_image2.2,5,40.8163,late,y
WT_5.12.19_plant11_slide2_image3.1,1,53.037,late,y
WT_5.12.19_plant11_slide2_image3.1,2,37.0511,late,y
WT_5.12.19_plant11_slide2_image3.1,3,42.892,late,y
WT_5.12.19_plant11_slide2_image3.1,4,35.9889,late,y
WT_5.12.19_plant11_slide2_image3.1,5,48.8691,late,y
WT_5.12.19_plant11_slide2_image3.2,1,43.0712,late,y
WT_5.12.19_plant11_slide2_image3.2,2,47.2826,late,y
WT_5.12.19_plant11_slide2_image3.2,3,47.9044,late,y
WT_5.12.19_plant11_slide2_image3.2,4,52.2498,late,y
WT_5.12.19_plant11_slide2_image3.2,5,36.5702,late,y
WT_5.12.19_plant11_slide2_image4,1,42.2969,late,y
WT_5.12.19_plant11_slide2_image4,2,44.0173,late,y
WT_5.12.19_plant11_slide2_image4,3,58.1916,late,y
WT_5.12.19_plant11_slide2_image4,4,50.1569,late,n
WT_5.12.19_plant11_slide2_image4,5,45.7571,late,n
WT_5.12.19_plant11_slide2_image5,1,48.6204,late,y
WT_5.12.19_plant11_slide2_image5,2,51.3143,late,y
WT_5.12.19_plant11_slide2_image5,3,63.3372,late,n
WT_5.12.19_plant11_slide2_image5,4,37.077,late,y
WT_5.12.19_plant11_slide2_image5,5,40.4334,late,y
WT_5.12.19_plant11_slide2_image6,1,69.8151,late,y
WT_5.12.19_plant11_slide2_image6,2,41.4841,late,y
WT_5.12.19_plant11_slide2_image6,3,44.7789,late,y
WT_5.12.19_plant11_slide2_image6,4,48.419,late,y
WT_5.12.19_plant11_slide2_image6,5,58.1188,late,y
WT_5.12.19_plant11_slide2_image7,1,50.1765,late,y
WT_5.12.19_plant11_slide2_image7,2,47.9978,late,y
WT_5.12.19_plant11_slide2_image7,3,38.7502,late,y
WT_5.12.19_plant11_slide2_image7,4,53.4759,late,y
WT_5.12.19_plant11_slide2_image7,5,47.6957,late,y
WT_5.12.19_plant11_slide2_image8,1,44.864,late,y
WT_5.12.19_plant11_slide2_image8,2,58.0922,late,y
WT_5.12.19_plant11_slide2_image8,3,66.789,late,y
WT_5.12.19_plant11_slide2_image8,4,48.2878,late,y
WT_5.12.19_plant11_slide2_image8,5,73.2344,late,n
WT_5.12.19_plant11_slide2_image9,1,40.6914,late/mid,y
WT_5.12.19_plant11_slide2_image9,2,48.2033,late/mid,y
WT_5.12.19_plant11_slide2_image9,3,34.9239,late/mid,y
WT_5.12.19_plant11_slide2_image9,4,36.2862,late/mid,y
WT_5.12.19_plant11_slide2_image9,5,52.4463,late/mid,y
WT_5.12.19_plant11_slide2_image10,1,35.7964,late,n
WT_5.12.19_plant11_slide2_image10,2,43.6528,late,y
WT_5.12.19_plant11_slide2_image10,3,40.5942,late,y
WT_5.12.19_plant11_slide2_image10,4,35.7771,late,y
WT_5.12.19_plant11_slide2_image10,5,40.2048,late,y
WT_5.12.19_plant11_slide2_image11,1,48.1198,late,y
WT_5.12.19_plant11_slide2_image11,2,44.3988,late,y
WT_5.12.19_plant11_slide2_image11,3,61.4288,late,n
WT_5.12.19_plant11_slide2_image11,4,75.6265,late,n
WT_5.12.19_plant11_slide2_image11,5,59.1217,late,y
WT_5.12.19_plant11_slide2_image12,1,56.2061,mid/late,y
WT_5.12.19_plant11_slide2_image12,2,47.5797,mid/late,y
WT_5.12.19_plant11_slide2_image12,3,49.8719,mid/late,y
WT_5.12.19_plant11_slide2_image12,4,65.7642,mid/late,n
WT_5.12.19_plant11_slide2_image12,5,43.9678,mid/late,y
WT_5.12.19_plant11_slide2_image14,1,45.9727,mid/late,n
WT_5.12.19_plant11_slide2_image14,2,41.0564,mid/late,n
WT_5.12.19_plant11_slide2_image14,3,65.4948,mid/late,n
WT_5.12.19_plant11_slide2_image14,4,61.1244,mid/late,y
WT_5.12.19_plant11_slide2_image14,5,51.254,mid/late,n
WT_5.12.19_plant11_slide2_image15,1,57.2887,early,n
WT_5.12.19_plant11_slide2_image15,2,48.397,early,y
WT_5.12.19_plant11_slide2_image15,3,42.5867,early,y
WT_5.12.19_plant11_slide2_image15,4,59.2689,early,y
WT_5.12.19_plant11_slide2_image15,5,51.2101,early,n
WT_5.12.19_plant11_slide2_image16,1,41.3827,early,y
WT_5.12.19_plant11_slide2_image16,2,63.1875,early,y
WT_5.12.19_plant11_slide2_image16,3,43.3752,early,y
WT_5.12.19_plant11_slide2_image16,4,51.2489,early,n
WT_5.12.19_plant11_slide2_image16,5,45.5495,early,n
WT_2.12.19_plant11_slide1_image1,1,41.5998,late,y
WT_2.12.19_plant11_slide1_image1,2,43.2342,late,y
WT_2.12.19_plant11_slide1_image1,3,47.2385,late,y
WT_2.12.19_plant11_slide1_image1,4,58.3153,late,y
WT_2.12.19_plant11_slide1_image1,5,60.6292,late,y
WT_2.12.19_plant11_slide1_image2,1,64.3869,late,y
WT_2.12.19_plant11_slide1_image2,2,50.0151,late,n
WT_2.12.19_plant11_slide1_image2,3,37.9643,late,y
WT_2.12.19_plant11_slide1_image2,4,40.9677,late,y
WT_2.12.19_plant11_slide1_image2,5,39.4772,late,y
WT_2.12.19_plant11_slide1_image3,1,45.8223,late,y
WT_2.12.19_plant11_slide1_image3,2,46.7756,late,y
WT_2.12.19_plant11_slide1_image3,3,66.1428,late,y
WT_2.12.19_plant11_slide1_image3,4,55.8115,late,y
WT_2.12.19_plant11_slide1_image3,5,70.0331,late,y
WT_2.12.19_plant11_slide1_image4,1,55.7729,late,n
WT_2.12.19_plant11_slide1_image4,2,46.661,late,y
WT_2.12.19_plant11_slide1_image4,3,55.586,late,y
WT_2.12.19_plant11_slide1_image4,4,33.7579,late,y
WT_2.12.19_plant11_slide1_image4,5,38.1463,late,y
WT_2.12.19_plant11_slide1_image7,1,85.8847,late,n
WT_2.12.19_plant11_slide1_image7,2,61.5361,late,n
WT_2.12.19_plant11_slide1_image7,3,51.2046,late,y
WT_2.12.19_plant11_slide1_image7,4,78.6619,late,n
WT_2.12.19_plant11_slide1_image7,5,89.9481,late,y
WT_2.12.19_plant11_slide1_image8,1,36.4098,late,y
WT_2.12.19_plant11_slide1_image8,2,56.5178,late,y
WT_2.12.19_plant11_slide1_image8,3,51.3445,late,y
WT_2.12.19_plant11_slide1_image8,4,61.3514,late,y
WT_2.12.19_plant11_slide1_image8,5,36.0554,late,y
WT_2.12.19_plant11_slide1_image9,1,36.138,late,y
WT_2.12.19_plant11_slide1_image9,2,56.6807,late,y
WT_2.12.19_plant11_slide1_image9,3,48.5607,late,y
WT_2.12.19_plant11_slide1_image9,4,50.7255,late,y
WT_2.12.19_plant11_slide1_image9,5,38.4203,late,y
WT_2.12.19_plant11_slide1_image10,1,63.0626,late,n
WT_2.12.19_plant11_slide1_image10,2,54.8904,late,n
WT_2.12.19_plant11_slide1_image10,3,42.9691,late,n
WT_2.12.19_plant11_slide1_image10,4,59.1014,late,n
WT_2.12.19_plant11_slide1_image10,5,44.3896,late,y
WT_2.12.19_plant11_slide1_image11,1,39.7328,late/mid,y
WT_2.12.19_plant11_slide1_image11,2,54.0588,late/mid,y
WT_2.12.19_plant11_slide1_image11,3,38.5587,late/mid,y
WT_2.12.19_plant11_slide1_image11,4,57.7638,late/mid,y
WT_2.12.19_plant11_slide1_image11,5,46.8555,late/mid,y
WT_27.2.20_plant1_slide1_image1,1,52.1435,mid,y
WT_27.2.20_plant1_slide1_image1,2,33.0659,mid,y
WT_27.2.20_plant1_slide1_image1,3,44.8806,mid,y
WT_27.2.20_plant1_slide1_image1,4,56.1802,mid,y
WT_27.2.20_plant1_slide1_image1,5,35.2833,mid,y
WT_27.2.20_plant1_slide1_image4,1,34.8311,mid,y
WT_27.2.20_plant1_slide1_image4,2,38.9555,mid,y
WT_27.2.20_plant1_slide1_image4,3,55.1456,mid,y
WT_27.2.20_plant1_slide1_image4,4,52.8324,mid,y
WT_27.2.20_plant1_slide1_image4,5,43.5475,mid,y
WT_27.2.20_plant1_slide1_image5,1,74.1832,mid,y
WT_27.2.20_plant1_slide1_image5,2,63.0697,mid,y
WT_27.2.20_plant1_slide1_image5,3,57.5181,mid,y
WT_27.2.20_plant1_slide1_image5,4,42.3167,mid,y
WT_27.2.20_plant1_slide1_image5,5,42.5987,mid,y
WT_27.2.20_plant1_slide1_image7,1,42.832,mid,y
WT_27.2.20_plant1_slide1_image7,2,51.2863,mid,y
WT_27.2.20_plant1_slide1_image7,3,45.6319,mid,y
WT_27.2.20_plant1_slide1_image7,4,36.7859,mid,y
WT_27.2.20_plant1_slide1_image7,5,35.8355,mid,y
WT_27.2.20_plant1_slide1_image8,1,52.4663,mid/late,y
WT_27.2.20_plant1_slide1_image8,2,38.5248,mid/late,y
WT_27.2.20_plant1_slide1_image8,3,35.7341,mid/late,y
WT_27.2.20_plant1_slide1_image8,4,34.1973,mid/late,y
WT_27.2.20_plant1_slide1_image8,5,46.2061,mid/late,y
WT_27.2.20_plant1_slide1_image9,1,56.9163,mid/late,y
WT_27.2.20_plant1_slide1_image9,2,41.4905,mid/late,y
WT_27.2.20_plant1_slide1_image9,3,39.5907,mid/late,y
WT_27.2.20_plant1_slide1_image9,4,38.6885,mid/late,y
WT_27.2.20_plant1_slide1_image9,5,49.1811,mid/late,y
WT_27.2.20_plant1_slide1_image12,1,46.3632,late,y
WT_27.2.20_plant1_slide1_image12,2,36.7704,late,y
WT_27.2.20_plant1_slide1_image12,3,49.6185,late,y
WT_27.2.20_plant1_slide1_image12,4,55.0126,late,y
WT_27.2.20_plant1_slide1_image12,5,59.5136,late,y
WT_27.2.20_plant1_slide1_image13,1,35.6277,mid,y
WT_27.2.20_plant1_slide1_image13,2,58.8476,mid,n
WT_27.2.20_plant1_slide1_image13,3,43.7698,mid,y
WT_27.2.20_plant1_slide1_image13,4,71.2715,mid,y
WT_27.2.20_plant1_slide1_image13,5,53.2378,mid,y
WT_27.2.20_plant1_slide1_image14,1,39.0618,mid,y
WT_27.2.20_plant1_slide1_image14,2,35.9133,mid,y
WT_27.2.20_plant1_slide1_image14,3,52.8827,mid,y
WT_27.2.20_plant1_slide1_image14,4,58.1672,mid,y
WT_27.2.20_plant1_slide1_image14,5,45.0591,mid,y
WT_27.2.20_plant1_slide1_image16,1,51.916,mid,y
WT_27.2.20_plant1_slide1_image16,2,58.4636,mid,y
WT_27.2.20_plant1_slide1_image16,3,70.3587,mid,y
WT_27.2.20_plant1_slide1_image16,4,37.4732,mid,y
WT_27.2.20_plant1_slide1_image16,5,40.2762,mid,y
WT_27.2.20_plant1_slide1_image17,1,39.8303,mid,y
WT_27.2.20_plant1_slide1_image17,2,57.7994,mid,y
WT_27.2.20_plant1_slide1_image17,3,53.8735,mid,y
WT_27.2.20_plant1_slide1_image17,4,44.6999,mid,y
WT_27.2.20_plant1_slide1_image17,5,38.6404,mid,y
WT_27.2.20_plant2_slide1_image2,1,35.1842,late/mid,n
WT_27.2.20_plant2_slide1_image2,2,54.1388,late/mid,n
WT_27.2.20_plant2_slide1_image2,3,44.0461,late/mid,n
WT_27.2.20_plant2_slide1_image2,4,35.2514,late/mid,y
WT_27.2.20_plant2_slide1_image2,5,55.142,late/mid,n
WT_27.2.20_plant2_slide1_image4,1,44.2658,mid,n
WT_27.2.20_plant2_slide1_image4,2,42.205,mid,y
WT_27.2.20_plant2_slide1_image4,3,49.6791,mid,n
WT_27.2.20_plant2_slide1_image4,4,31.0223,mid,n
WT_27.2.20_plant2_slide1_image4,5,29.515,mid,y
WT_27.2.20_plant2_slide1_image7,1,52.6278,mid,y
WT_27.2.20_plant2_slide1_image7,2,46.9284,mid,y
WT_27.2.20_plant2_slide1_image7,3,59.7749,mid,y
WT_27.2.20_plant2_slide1_image7,4,36.7105,mid,y
WT_27.2.20_plant2_slide1_image7,5,37.6698,mid,y
WT_27.2.20_plant2_slide1_image8,1,39.3068,late/mid,y
WT_27.2.20_plant2_slide1_image8,2,54.229,late/mid,y
WT_27.2.20_plant2_slide1_image8,3,33.827,late/mid,y
WT_27.2.20_plant2_slide1_image8,4,38.3644,late/mid,y
WT_27.2.20_plant2_slide1_image8,5,50.6188,late/mid,n
WT_27.2.20_plant2_slide1_image9,1,74.8229,late,y
WT_27.2.20_plant2_slide1_image9,2,42.3162,late,y
WT_27.2.20_plant2_slide1_image9,3,45.0363,late,n
WT_27.2.20_plant2_slide1_image9,4,37.2368,late,y
WT_27.2.20_plant2_slide1_image9,5,56.7371,late,n
WT_27.2.20_plant2_slide1_image10,1,40.653,late,y
WT_27.2.20_plant2_slide1_image10,2,58.2834,late,y
WT_27.2.20_plant2_slide1_image10,3,58.9109,late,y
WT_27.2.20_plant2_slide1_image10,4,45.4101,late,y
WT_27.2.20_plant2_slide1_image10,5,40.6428,late,y
WT_27.2.20_plant2_slide1_image11,1,39.954,late/mid,y
WT_27.2.20_plant2_slide1_image11,2,44.8449,late/mid,y
WT_27.2.20_plant2_slide1_image11,3,36.5029,late/mid,y
WT_27.2.20_plant2_slide1_image11,4,59.4098,late/mid,y
WT_27.2.20_plant2_slide1_image11,5,53.2105,late/mid,y
WT_27.2.20_plant2_slide1_image13,1,35.9519,mid,y
WT_27.2.20_plant2_slide1_image13,2,58.5098,mid,n
WT_27.2.20_plant2_slide1_image13,3,54.5779,mid,n
WT_27.2.20_plant2_slide1_image13,4,38.6002,mid,y
WT_27.2.20_plant2_slide1_image13,5,43.5866,mid,n
WT_27.2.20_plant2_slide1_image14,1,32.4264,mid,y
WT_27.2.20_plant2_slide1_image14,2,32.8429,mid,y
WT_27.2.20_plant2_slide1_image14,3,48.8561,mid,y
WT_27.2.20_plant2_slide1_image14,4,35.2919,mid,n
WT_27.2.20_plant2_slide1_image14,5,41.6502,mid,n
WT_27.2.20_plant3_slide1_image2,1,54.1712,late,y
WT_27.2.20_plant3_slide1_image2,2,63.1445,late,y
WT_27.2.20_plant3_slide1_image2,3,44.6998,late,y
WT_27.2.20_plant3_slide1_image2,4,37.1876,late,n
WT_27.2.20_plant3_slide1_image2,5,42.2719,late,y
WT_27.2.20_plant3_slide1_image3,1,35.1546,late,y
WT_27.2.20_plant3_slide1_image3,2,39.9665,late,y
WT_27.2.20_plant3_slide1_image3,3,37.8011,late,y
WT_27.2.20_plant3_slide1_image3,4,58.9112,late,y
WT_27.2.20_plant3_slide1_image3,5,43.2304,late,y
WT_27.2.20_plant3_slide1_image4,1,53.7262,late,y
WT_27.2.20_plant3_slide1_image4,2,41.5017,late,y
WT_27.2.20_plant3_slide1_image4,3,37.6833,late,y
WT_27.2.20_plant3_slide1_image4,4,58.8241,late,y
WT_27.2.20_plant3_slide1_image4,5,41.3106,late,y
WT_27.2.20_plant3_slide1_image5,1,47.9029,late,y
WT_27.2.20_plant3_slide1_image5,2,36.3312,late,y
WT_27.2.20_plant3_slide1_image5,3,32.2455,late,y
WT_27.2.20_plant3_slide1_image5,4,32.113,late,y
WT_27.2.20_plant3_slide1_image5,5,43.417,late,y
WT_27.2.20_plant3_slide1_image7,1,51.7024,late,y
WT_27.2.20_plant3_slide1_image7,2,42.5268,late,y
WT_27.2.20_plant3_slide1_image7,3,41.5473,late,y
WT_27.2.20_plant3_slide1_image7,4,37.982,late,y
WT_27.2.20_plant3_slide1_image7,5,57.1832,late,y
WT_27.2.20_plant3_slide1_image10,1,47.5337,late,n
WT_27.2.20_plant3_slide1_image10,2,48.2207,late,n
WT_27.2.20_plant3_slide1_image10,3,77.6487,late,n
WT_27.2.20_plant3_slide1_image10,4,47.463,late,y
WT_27.2.20_plant3_slide1_image10,5,58.3395,late,n
WT_27.2.20_plant3_slide1_image12,1,71.6093,mid,y
WT_27.2.20_plant3_slide1_image12,2,70.8901,mid,n
WT_27.2.20_plant3_slide1_image12,3,56.8268,mid,y
WT_27.2.20_plant3_slide1_image12,4,47.0139,mid,y
WT_27.2.20_plant3_slide1_image12,5,51.0251,mid,y
WT_27.2.20_plant3_slide1_image13,1,66.4789,mid,y
WT_27.2.20_plant3_slide1_image13,2,53.6776,mid,n
WT_27.2.20_plant3_slide1_image13,3,89.6285,mid,n
WT_27.2.20_plant3_slide1_image13,4,53.2352,mid,y
WT_27.2.20_plant3_slide1_image13,5,76.6194,mid,y
WT_27.2.20_plant3_slide1_image14,1,44.0523,early,y
WT_27.2.20_plant3_slide1_image14,2,58.6815,early,y
WT_27.2.20_plant3_slide1_image14,3,43.4697,early,y
WT_27.2.20_plant3_slide1_image14,4,44.1289,early,n
WT_27.2.20_plant3_slide1_image14,5,68.5565,early,n
WT_27.2.20_plant4_slide1_image4,1,35.0231,mid/late,y
WT_27.2.20_plant4_slide1_image4,2,48.6185,mid/late,y
WT_27.2.20_plant4_slide1_image4,3,43.4363,mid/late,y
WT_27.2.20_plant4_slide1_image4,4,33.5331,mid/late,y
WT_27.2.20_plant4_slide1_image4,5,31.9024,mid/late,n
WT_27.2.20_plant4_slide1_image7,1,48.9823,late/mid,y
WT_27.2.20_plant4_slide1_image7,2,33.3687,late/mid,y
WT_27.2.20_plant4_slide1_image7,3,36.8886,late/mid,n
WT_27.2.20_plant4_slide1_image7,4,47.4493,late/mid,y
WT_27.2.20_plant4_slide1_image7,5,39.2704,late/mid,y
WT_27.2.20_plant4_slide1_image8,1,44.8583,late/mid,y
WT_27.2.20_plant4_slide1_image8,2,53.4135,late/mid,y
WT_27.2.20_plant4_slide1_image8,3,58.7502,late/mid,y
WT_27.2.20_plant4_slide1_image8,4,67.6096,late/mid,n
WT_27.2.20_plant4_slide1_image8,5,53.7824,late/mid,n
WT_27.2.20_plant4_slide1_image9,1,39.0404,late/mid,y
WT_27.2.20_plant4_slide1_image9,2,71.3488,late/mid,y
WT_27.2.20_plant4_slide1_image9,3,40.6748,late/mid,y
WT_27.2.20_plant4_slide1_image9,4,57.3572,late/mid,y
WT_27.2.20_plant4_slide1_image9,5,39.9305,late/mid,y
WT_27.2.20_plant4_slide1_image11,1,50.1627,mid,y
WT_27.2.20_plant4_slide1_image11,2,46.9219,mid,y
WT_27.2.20_plant4_slide1_image11,3,30.8686,mid,y
WT_27.2.20_plant4_slide1_image11,4,28.6187,mid,y
WT_27.2.20_plant4_slide1_image11,5,54.7562,mid,y
WT_27.2.20_plant4_slide1_image12,1,48.2634,early,y
WT_27.2.20_plant4_slide1_image12,2,55.1604,early,y
WT_27.2.20_plant4_slide1_image12,3,41.5905,early,y
WT_27.2.20_plant4_slide1_image12,4,40.7182,early,y
WT_27.2.20_plant4_slide1_image12,5,64.9179,early,y
WT_25.2.20_plant1_slide1_image1,1,50.937,late,y
WT_25.2.20_plant1_slide1_image1,2,42.5385,late,y
WT_25.2.20_plant1_slide1_image1,3,37.0015,late,y
WT_25.2.20_plant1_slide1_image1,4,48.0187,late,y
WT_25.2.20_plant1_slide1_image1,5,49.3793,late,y
WT_25.2.20_plant1_slide1_image3.1,1,36.0445,late,y
WT_25.2.20_plant1_slide1_image3.1,2,40.4219,late,y
WT_25.2.20_plant1_slide1_image3.1,3,43.9404,late,y
WT_25.2.20_plant1_slide1_image3.1,4,54.7643,late,y
WT_25.2.20_plant1_slide1_image3.1,5,41.8602,late,y
WT_25.2.20_plant1_slide1_image3.2,1,38.1586,late,y
WT_25.2.20_plant1_slide1_image3.2,2,35.9775,late,y
WT_25.2.20_plant1_slide1_image3.2,3,42.0319,late,y
WT_25.2.20_plant1_slide1_image3.2,4,52.6328,late,y
WT_25.2.20_plant1_slide1_image3.2,5,57.714,late,y
WT_25.2.20_plant1_slide1_image3.3,1,40.4414,late,y
WT_25.2.20_plant1_slide1_image3.3,2,38.4467,late,y
WT_25.2.20_plant1_slide1_image3.3,3,60.8408,late,y
WT_25.2.20_plant1_slide1_image3.3,4,39.8996,late,y
WT_25.2.20_plant1_slide1_image3.3,5,52.942,late,y
WT_25.2.20_plant1_slide1_image4,1,35.4476,late,y
WT_25.2.20_plant1_slide1_image4,2,44.0087,late,y
WT_25.2.20_plant1_slide1_image4,3,62.5373,late,y
WT_25.2.20_plant1_slide1_image4,4,71.1519,late,n
WT_25.2.20_plant1_slide1_image4,5,44.9642,late,y
WT_25.2.20_plant1_slide1_image5,1,32.3547,late,y
WT_25.2.20_plant1_slide1_image5,2,42.1305,late,y
WT_25.2.20_plant1_slide1_image5,3,47.5099,late,y
WT_25.2.20_plant1_slide1_image5,4,30.6089,late,y
WT_25.2.20_plant1_slide1_image5,5,51.4252,late,y
WT_25.2.20_plant1_slide1_image7,1,72.3323,mid,n
WT_25.2.20_plant1_slide1_image7,2,42.2061,mid,y
WT_25.2.20_plant1_slide1_image7,3,52.873,mid,n
WT_25.2.20_plant1_slide1_image7,4,38.2491,mid,y
WT_25.2.20_plant1_slide1_image7,5,38.5086,mid,y
WT_25.2.20_plant1_slide1_image11,1,44.4387,mid,y
WT_25.2.20_plant1_slide1_image11,2,42.3971,mid,y
WT_25.2.20_plant1_slide1_image11,3,50.3141,mid,y
WT_25.2.20_plant1_slide1_image11,4,64.6084,mid,y
WT_25.2.20_plant1_slide1_image11,5,57.4629,mid,y
WT_25.2.20_plant1_slide1_image12,1,55.4966,mid,y
WT_25.2.20_plant1_slide1_image12,2,35.9698,mid,y
WT_25.2.20_plant1_slide1_image12,3,42.0488,mid,y
WT_25.2.20_plant1_slide1_image12,4,41.5607,mid,y
WT_25.2.20_plant1_slide1_image12,5,60.0132,mid,y
WT_25.2.20_plant2_slide1_image2,1,54.9552,late/mid,y
WT_25.2.20_plant2_slide1_image2,2,31.2564,late/mid,y
WT_25.2.20_plant2_slide1_image2,3,40.751,late/mid,y
WT_25.2.20_plant2_slide1_image2,4,27.1684,late/mid,y
WT_25.2.20_plant2_slide1_image2,5,53.1708,late/mid,n
WT_25.2.20_plant2_slide1_image3,1,53.276,late/mid,y
WT_25.2.20_plant2_slide1_image3,2,49.7548,late/mid,y
WT_25.2.20_plant2_slide1_image3,3,31.5666,late/mid,n
WT_25.2.20_plant2_slide1_image3,4,34.0421,late/mid,y
WT_25.2.20_plant2_slide1_image3,5,43.9881,late/mid,n
WT_25.2.20_plant2_slide1_image4,1,55.1639,late,y
WT_25.2.20_plant2_slide1_image4,2,41.2145,late,y
WT_25.2.20_plant2_slide1_image4,3,37.3334,late,y
WT_25.2.20_plant2_slide1_image4,4,34.9976,late,y
WT_25.2.20_plant2_slide1_image4,5,48.3538,late,y
WT_25.2.20_plant2_slide1_image5,1,51.369,mid/late,n
WT_25.2.20_plant2_slide1_image5,2,30.3165,mid/late,n
WT_25.2.20_plant2_slide1_image5,3,33.6155,mid/late,n
WT_25.2.20_plant2_slide1_image5,4,39.4287,mid/late,n
WT_25.2.20_plant2_slide1_image5,5,47.9233,mid/late,n
WT_25.2.20_plant2_slide1_image6,1,34.1657,mid/late,y
WT_25.2.20_plant2_slide1_image6,2,59.9458,mid/late,n
WT_25.2.20_plant2_slide1_image6,3,41.7624,mid/late,y
WT_25.2.20_plant2_slide1_image6,4,35.547,mid/late,y
WT_25.2.20_plant2_slide1_image6,5,52.1156,mid/late,y
WT_25.2.20_plant2_slide1_image8,1,37.6537,mid,y
WT_25.2.20_plant2_slide1_image8,2,61.9587,mid,y
WT_25.2.20_plant2_slide1_image8,3,39.643,mid,y
WT_25.2.20_plant2_slide1_image8,4,46.2196,mid,y
WT_25.2.20_plant2_slide1_image8,5,55.0468,mid,y
WT_25.2.20_plant2_slide1_image9,1,37.1795,late/mid,y
WT_25.2.20_plant2_slide1_image9,2,45.4407,late/mid,y
WT_25.2.20_plant2_slide1_image9,3,37.2761,late/mid,y
WT_25.2.20_plant2_slide1_image9,4,52.5589,late/mid,y
WT_25.2.20_plant2_slide1_image9,5,61.0965,late/mid,y
WT_25.2.20_plant2_slide1_image10,1,49.9435,late/mid,y
WT_25.2.20_plant2_slide1_image10,2,32.3175,late/mid,y
WT_25.2.20_plant2_slide1_image10,3,45.3175,late/mid,y
WT_25.2.20_plant2_slide1_image10,4,37.1127,late/mid,y
WT_25.2.20_plant2_slide1_image10,5,31.4265,late/mid,y
WT_25.2.20_plant2_slide1_image11,1,44.2059,mid,y
WT_25.2.20_plant2_slide1_image11,2,65.6178,mid,y
WT_25.2.20_plant2_slide1_image11,3,47.8152,mid,y
WT_25.2.20_plant2_slide1_image11,4,57.2714,mid,y
WT_25.2.20_plant2_slide1_image11,5,40.2713,mid,y
WT_25.2.20_plant2_slide1_image12,1,40.7315,mid,y
WT_25.2.20_plant2_slide1_image12,2,42.5113,mid,y
WT_25.2.20_plant2_slide1_image12,3,47.7044,mid,y
WT_25.2.20_plant2_slide1_image12,4,54.9841,mid,y
WT_25.2.20_plant2_slide1_image12,5,68.1892,mid,y
WT_25.2.20_plant2_slide1_image13.1,1,67.0244,mid/late,y
WT_25.2.20_plant2_slide1_image13.1,2,73.7403,mid/late,y
WT_25.2.20_plant2_slide1_image13.1,3,50.0622,mid/late,y
WT_25.2.20_plant2_slide1_image13.1,4,40.732,mid/late,y
WT_25.2.20_plant2_slide1_image13.1,5,56.9095,mid/late,y
WT_25.2.20_plant2_slide1_image13.2,1,79.0737,mid/late,y
WT_25.2.20_plant2_slide1_image13.2,2,42.3158,mid/late,y
WT_25.2.20_plant2_slide1_image13.2,3,68.4007,mid/late,y
WT_25.2.20_plant2_slide1_image13.2,4,36.7415,mid/late,y
WT_25.2.20_plant2_slide1_image13.2,5,55.9832,mid/late,y
WT_25.2.20_plant2_slide1_image14,1,36.111,mid/late,y
WT_25.2.20_plant2_slide1_image14,2,36.5963,mid/late,y
WT_25.2.20_plant2_slide1_image14,3,50.4899,mid/late,y
WT_25.2.20_plant2_slide1_image14,4,41.1925,mid/late,y
WT_25.2.20_plant2_slide1_image14,5,58.0485,mid/late,y
WT_25.2.20_plant2_slide1_image15,1,53.8437,mid/late,y
WT_25.2.20_plant2_slide1_image15,2,38.6981,mid/late,y
WT_25.2.20_plant2_slide1_image15,3,48.4076,mid/late,y
WT_25.2.20_plant2_slide1_image15,4,33.9748,mid/late,y
WT_25.2.20_plant2_slide1_image15,5,32.9745,mid/late,y
HEI10OXC2_2.8.19_plant22_slide2_image11,1,39.1736,late,y
HEI10OXC2_2.8.19_plant22_slide2_image11,2,36.4214,late,y
HEI10OXC2_2.8.19_plant22_slide2_image11,3,49.1668,late,y
HEI10OXC2_2.8.19_plant22_slide2_image11,4,43.2301,late,y
HEI10OXC2_2.8.19_plant22_slide2_image11,5,58.0769,late,y
HEI10OXC2_2.8.19_plant22_slide2_image2,1,49.9303,mid,y
HEI10OXC2_2.8.19_plant22_slide2_image2,2,65.8951,mid,y
HEI10OXC2_2.8.19_plant22_slide2_image2,3,47.3638,mid,y
HEI10OXC2_2.8.19_plant22_slide2_image2,4,47.3059,mid,y
HEI10OXC2_2.8.19_plant22_slide2_image2,5,68.2045,mid,y
HEI10OXC2_2.8.19_plant22_slide2_image3,1,37.9699,late,y
HEI10OXC2_2.8.19_plant22_slide2_image3,2,46.5199,late,n
HEI10OXC2_2.8.19_plant22_slide2_image3,3,54.703,late,y
HEI10OXC2_2.8.19_plant22_slide2_image3,4,37.7961,late,y
HEI10OXC2_2.8.19_plant22_slide2_image3,5,46.2555,late,y
HEI10OXC2_2.8.19_plant22_slide2_image4,1,40.9646,late,y
HEI10OXC2_2.8.19_plant22_slide2_image4,2,46.0639,late,y
HEI10OXC2_2.8.19_plant22_slide2_image4,3,56.1106,late,y
HEI10OXC2_2.8.19_plant22_slide2_image4,4,38.1443,late,y
HEI10OXC2_2.8.19_plant22_slide2_image4,5,36.9234,late,y
HEI10OXC2_2.8.19_plant22_slide2_image6,1,59.3549,mid/late,y
HEI10OXC2_2.8.19_plant22_slide2_image6,2,62.1618,mid/late,n
HEI10OXC2_2.8.19_plant22_slide2_image6,3,47.0478,mid/late,y
HEI10OXC2_2.8.19_plant22_slide2_image6,4,39.0505,mid/late,y
HEI10OXC2_2.8.19_plant22_slide2_image6,5,42.0342,mid/late,y
HEI10OXC2_2.8.19_plant22_slide2_image7,1,62.5831,late,y
HEI10OXC2_2.8.19_plant22_slide2_image7,2,55.729,late,y
HEI10OXC2_2.8.19_plant22_slide2_image7,3,37.9748,late,y
HEI10OXC2_2.8.19_plant22_slide2_image7,4,45.67,late,y
HEI10OXC2_2.8.19_plant22_slide2_image7,5,48.2032,late,y
HEI10OXC2_2.8.19_plant22_slide2_image8,1,52.8903,late,y
HEI10OXC2_2.8.19_plant22_slide2_image8,2,37.0473,late,y
HEI10OXC2_2.8.19_plant22_slide2_image8,3,48.4664,late,y
HEI10OXC2_2.8.19_plant22_slide2_image8,4,33.9777,late,y
HEI10OXC2_2.8.19_plant22_slide2_image8,5,34.9169,late,y
HEI10OXC2_2.8.19_plant22_slide2_image9,1,62.8538,mid/late,y
HEI10OXC2_2.8.19_plant22_slide2_image9,2,50.7368,mid/late,y
HEI10OXC2_2.8.19_plant22_slide2_image9,3,38.2818,mid/late,y
HEI10OXC2_2.8.19_plant22_slide2_image9,4,41.3184,mid/late,n
HEI10OXC2_2.8.19_plant22_slide2_image9,5,43.2054,mid/late,y
HEI10OXC2_2.8.19_plant22_slide2_image10,1,54.9598,mid,y
HEI10OXC2_2.8.19_plant22_slide2_image10,2,49.7909,mid,y
HEI10OXC2_2.8.19_plant22_slide2_image10,3,40.6034,mid,y
HEI10OXC2_2.8.19_plant22_slide2_image10,4,40.2069,mid,y
HEI10OXC2_2.8.19_plant22_slide2_image10,5,37.4194,mid,y
HEI10OXC2_2.8.19_plant22_slide2_image12,1,61.4738,mid,y
HEI10OXC2_2.8.19_plant22_slide2_image12,2,39.7778,mid,y
HEI10OXC2_2.8.19_plant22_slide2_image12,3,45.1489,mid,y
HEI10OXC2_2.8.19_plant22_slide2_image12,4,43.3983,mid,y
HEI10OXC2_2.8.19_plant22_slide2_image12,5,53.6442,mid,y
HEI10OXC2_2.8.19_plant22_slide2_image14,1,39.4037,late/mid,y
HEI10OXC2_2.8.19_plant22_slide2_image14,2,49.7731,late/mid,y
HEI10OXC2_2.8.19_plant22_slide2_image14,3,54.5846,late/mid,y
HEI10OXC2_2.8.19_plant22_slide2_image14,4,39.4418,late/mid,y
HEI10OXC2_2.8.19_plant22_slide2_image14,5,33.9446,late/mid,y
HEI10OXC2_2.8.19_plant22_slide2_image16,1,36.4601,late,y
HEI10OXC2_2.8.19_plant22_slide2_image16,2,39.2991,late,y
HEI10OXC2_2.8.19_plant22_slide2_image16,3,46.6521,late,y
HEI10OXC2_2.8.19_plant22_slide2_image16,4,53.2623,late,y
HEI10OXC2_2.8.19_plant22_slide2_image16,5,35.1192,late,y
HEI10OXC2_2.8.19_plant22_slide2_image17,1,60.5673,late/mid,y
HEI10OXC2_2.8.19_plant22_slide2_image17,2,36.7899,late/mid,y
HEI10OXC2_2.8.19_plant22_slide2_image17,3,41.5503,late/mid,y
HEI10OXC2_2.8.19_plant22_slide2_image17,4,44.3238,late/mid,y
HEI10OXC2_2.8.19_plant22_slide2_image17,5,54.0461,late/mid,y
HEI10OXC2_2.8.19_plant22_slide2_image19,1,54.0372,mid,y
HEI10OXC2_2.8.19_plant22_slide2_image19,2,35.9254,mid,y
HEI10OXC2_2.8.19_plant22_slide2_image19,3,43.4878,mid,y
HEI10OXC2_2.8.19_plant22_slide2_image19,4,41.2121,mid,y
HEI10OXC2_2.8.19_plant22_slide2_image19,5,61.5481,mid,y
HEI10OXC2_2.8.19_plant22_slide2_image20,1,50.2315,late,y
HEI10OXC2_2.8.19_plant22_slide2_image20,2,36.9369,late,y
HEI10OXC2_2.8.19_plant22_slide2_image20,3,33.2947,late,y
HEI10OXC2_2.8.19_plant22_slide2_image20,4,36.2618,late,y
HEI10OXC2_2.8.19_plant22_slide2_image20,5,45.4705,late,y
HEI10OXC2_2.8.19_plant22_slide2_image21,1,41.3146,mid,y
HEI10OXC2_2.8.19_plant22_slide2_image21,2,52.8591,mid,y
HEI10OXC2_2.8.19_plant22_slide2_image21,3,36.3867,mid,y
HEI10OXC2_2.8.19_plant22_slide2_image21,4,42.669,mid,y
HEI10OXC2_2.8.19_plant22_slide2_image21,5,59.602,mid,y
HEI10OXC2_2.8.19_plant22_slide2_image30,1,45.9612,mid,y
HEI10OXC2_2.8.19_plant22_slide2_image30,2,62.6404,mid,y
HEI10OXC2_2.8.19_plant22_slide2_image30,3,42.3795,mid,y
HEI10OXC2_2.8.19_plant22_slide2_image30,4,56.6945,mid,y
HEI10OXC2_2.8.19_plant22_slide2_image30,5,41.5344,mid,y
HEI10OXC2_1.8.19_plant24_slide2_image2,1,50.2049,late/mid,y
HEI10OXC2_1.8.19_plant24_slide2_image2,2,33.678,late/mid,y
HEI10OXC2_1.8.19_plant24_slide2_image2,3,37.3783,late/mid,y
HEI10OXC2_1.8.19_plant24_slide2_image2,4,37.803,late/mid,y
HEI10OXC2_1.8.19_plant24_slide2_image2,5,47.8515,late/mid,y
HEI10OXC2_1.8.19_plant24_slide2_image3.1,1,48.4207,late,y
HEI10OXC2_1.8.19_plant24_slide2_image3.1,2,43.1592,late,y
HEI10OXC2_1.8.19_plant24_slide2_image3.1,3,35.1339,late,y
HEI10OXC2_1.8.19_plant24_slide2_image3.1,4,34.3836,late,y
HEI10OXC2_1.8.19_plant24_slide2_image3.1,5,29.3448,late,y
HEI10OXC2_1.8.19_plant24_slide2_image3.2,1,34.2068,mid/late,y
HEI10OXC2_1.8.19_plant24_slide2_image3.2,2,44.2715,mid/late,y
HEI10OXC2_1.8.19_plant24_slide2_image3.2,3,29.3172,mid/late,y
HEI10OXC2_1.8.19_plant24_slide2_image3.2,4,29.5733,mid/late,y
HEI10OXC2_1.8.19_plant24_slide2_image3.2,5,44.9885,mid/late,y
HEI10OXC2_1.8.19_plant24_slide2_image4,1,31.8068,mid/late,y
HEI10OXC2_1.8.19_plant24_slide2_image4,2,30.9505,mid/late,y
HEI10OXC2_1.8.19_plant24_slide2_image4,3,36.0616,mid/late,y
HEI10OXC2_1.8.19_plant24_slide2_image4,4,43.9837,mid/late,y
HEI10OXC2_1.8.19_plant24_slide2_image4,5,48.0548,mid/late,y
HEI10OXC2_1.8.19_plant24_slide2_image8,1,57.3855,mid,y
HEI10OXC2_1.8.19_plant24_slide2_image8,2,52.0873,mid,y
HEI10OXC2_1.8.19_plant24_slide2_image8,3,36.7314,mid,y
HEI10OXC2_1.8.19_plant24_slide2_image8,4,38.6858,mid,y
HEI10OXC2_1.8.19_plant24_slide2_image8,5,42.7686,mid,y
HEI10OXC2_2.8.19_plant22_slide1_image1,1,69.8075,mid,y
HEI10OXC2_2.8.19_plant22_slide1_image1,2,48.7016,mid,y
HEI10OXC2_2.8.19_plant22_slide1_image1,3,45.9206,mid,y
HEI10OXC2_2.8.19_plant22_slide1_image1,4,67.7153,mid,y
HEI10OXC2_2.8.19_plant22_slide1_image1,5,52.3883,mid,y
HEI10OXC2_2.8.19_plant22_slide1_image6,1,53.4433,late,y
HEI10OXC2_2.8.19_plant22_slide1_image6,2,33.0998,late,y
HEI10OXC2_2.8.19_plant22_slide1_image6,3,37.5591,late,y
HEI10OXC2_2.8.19_plant22_slide1_image6,4,37.4262,late,y
HEI10OXC2_2.8.19_plant22_slide1_image6,5,46.4363,late,y
HEI10OXC2_2.8.19_plant22_slide1_image7,1,47.2185,late,y
HEI10OXC2_2.8.19_plant22_slide1_image7,2,39.5894,late,y
HEI10OXC2_2.8.19_plant22_slide1_image7,3,35.8144,late,y
HEI10OXC2_2.8.19_plant22_slide1_image7,4,56.5332,late,y
HEI10OXC2_2.8.19_plant22_slide1_image7,5,36.369,late,y
HEI10OXC2_2.8.19_plant22_slide1_image8,1,35.8937,late,y
HEI10OXC2_2.8.19_plant22_slide1_image8,2,46.5748,late,y
HEI10OXC2_2.8.19_plant22_slide1_image8,3,51.731,late,y
HEI10OXC2_2.8.19_plant22_slide1_image8,4,34.9188,late,y
HEI10OXC2_2.8.19_plant22_slide1_image8,5,37.8599,late,y
HEI10OXC2_2.8.19_plant22_slide1_image9,1,50.1856,late,y
HEI10OXC2_2.8.19_plant22_slide1_image9,2,53.3038,late,y
HEI10OXC2_2.8.19_plant22_slide1_image9,3,39.6663,late,y
HEI10OXC2_2.8.19_plant22_slide1_image9,4,34.0399,late,y
HEI10OXC2_2.8.19_plant22_slide1_image9,5,37.4814,late,y
HEI10OXC2_2.8.19_plant22_slide1_image11,1,33.8135,late,y
HEI10OXC2_2.8.19_plant22_slide1_image11,2,42.6167,late,y
HEI10OXC2_2.8.19_plant22_slide1_image11,3,46.2015,late,y
HEI10OXC2_2.8.19_plant22_slide1_image11,4,34.004,late,y
HEI10OXC2_2.8.19_plant22_slide1_image11,5,29.4157,late,y
HEI10OXC2_2.8.19_plant22_slide1_image12,1,34.1912,late/mid,y
HEI10OXC2_2.8.19_plant22_slide1_image12,2,30.4179,late/mid,y
HEI10OXC2_2.8.19_plant22_slide1_image12,3,47.292,late/mid,y
HEI10OXC2_2.8.19_plant22_slide1_image12,4,40.6516,late/mid,y
HEI10OXC2_2.8.19_plant22_slide1_image12,5,29.782,late/mid,y
HEI10OXC2_2.8.19_plant22_slide1_image13,1,38.9294,late,y
HEI10OXC2_2.8.19_plant22_slide1_image13,2,38.4182,late,y
HEI10OXC2_2.8.19_plant22_slide1_image13,3,56.1931,late,y
HEI10OXC2_2.8.19_plant22_slide1_image13,4,40.6372,late,y
HEI10OXC2_2.8.19_plant22_slide1_image13,5,40.7316,late,y
HEI10OXC2_2.8.19_plant22_slide1_image14,1,51.5625,late,y
HEI10OXC2_2.8.19_plant22_slide1_image14,2,51.4909,late,y
HEI10OXC2_2.8.19_plant22_slide1_image14,3,47.392,late,y
HEI10OXC2_2.8.19_plant22_slide1_image14,4,72.838,late,y
HEI10OXC2_2.8.19_plant22_slide1_image14,5,57.5335,late,y
HEI10OXC2_2.8.19_plant22_slide1_image16,1,59.4817,early,y
HEI10OXC2_2.8.19_plant22_slide1_image16,2,49.1321,early,y
HEI10OXC2_2.8.19_plant22_slide1_image16,3,39.2439,early,y
HEI10OXC2_2.8.19_plant22_slide1_image16,4,34.6414,early,y
HEI10OXC2_2.8.19_plant22_slide1_image16,5,42.5452,early,y
HEI10OXC2_2.8.19_plant22_slide1_image18,1,35.5151,late/mid,y
HEI10OXC2_2.8.19_plant22_slide1_image18,2,39.4699,late/mid,y
HEI10OXC2_2.8.19_plant22_slide1_image18,3,56.1944,late/mid,y
HEI10OXC2_2.8.19_plant22_slide1_image18,4,39.9208,late/mid,y
HEI10OXC2_2.8.19_plant22_slide1_image18,5,51.5793,late/mid,y
HEI10OXC2_2.8.19_plant22_slide1_image19,1,55.6618,mid,y
HEI10OXC2_2.8.19_plant22_slide1_image19,2,66.7042,mid,y
HEI10OXC2_2.8.19_plant22_slide1_image19,3,46.3287,mid,y
HEI10OXC2_2.8.19_plant22_slide1_image19,4,42.0996,mid,y
HEI10OXC2_2.8.19_plant22_slide1_image19,5,44.1649,mid,y
HEI10OXC2_2.8.19_plant22_slide1_image21,1,55.4621,mid,y
HEI10OXC2_2.8.19_plant22_slide1_image21,2,62.1984,mid,y
HEI10OXC2_2.8.19_plant22_slide1_image21,3,48.4225,mid,y
HEI10OXC2_2.8.19_plant22_slide1_image21,4,43.2704,mid,y
HEI10OXC2_2.8.19_plant22_slide1_image21,5,43.4187,mid,y
HEI10OXC2_2.8.19_plant22_slide1_image22,1,49.2757,mid,y
HEI10OXC2_2.8.19_plant22_slide1_image22,2,67.1189,mid,y
HEI10OXC2_2.8.19_plant22_slide1_image22,3,57.4319,mid,y
HEI10OXC2_2.8.19_plant22_slide1_image22,4,41.3689,mid,y
HEI10OXC2_2.8.19_plant22_slide1_image22,5,47.3715,mid,y
HEI10OXC2_2.12.19_plant19_slide1_image5,1,73.5158,mid/late,n
HEI10OXC2_2.12.19_plant19_slide1_image5,2,52.2788,mid/late,y
HEI10OXC2_2.12.19_plant19_slide1_image5,3,58.854,mid/late,y
HEI10OXC2_2.12.19_plant19_slide1_image5,4,51.9139,mid/late,y
HEI10OXC2_2.12.19_plant19_slide1_image5,5,42.6832,mid/late,y
HEI10OXC2_2.12.19_plant19_slide1_image6,1,48.4071,mid/late,y
HEI10OXC2_2.12.19_plant19_slide1_image6,2,64.6765,mid/late,y
HEI10OXC2_2.12.19_plant19_slide1_image6,3,74.2419,mid/late,n
HEI10OXC2_2.12.19_plant19_slide1_image6,4,44.5315,mid/late,y
HEI10OXC2_2.12.19_plant19_slide1_image6,5,51.8035,mid/late,y
HEI10OXC2_2.12.19_plant19_slide1_image7,1,70.1707,mid ,y
HEI10OXC2_2.12.19_plant19_slide1_image7,2,63.9849,mid ,y
HEI10OXC2_2.12.19_plant19_slide1_image7,3,93.6082,mid ,n
HEI10OXC2_2.12.19_plant19_slide1_image7,4,79.8137,mid ,y
HEI10OXC2_2.12.19_plant19_slide1_image7,5,55.9625,mid ,n
HEI10OXC2_2.12.19_plant19_slide1_image8,1,48.776,mid/late,y
HEI10OXC2_2.12.19_plant19_slide1_image8,2,45.9991,mid/late,y
HEI10OXC2_2.12.19_plant19_slide1_image8,3,59.8234,mid/late,y
HEI10OXC2_2.12.19_plant19_slide1_image8,4,68.8176,mid/late,y
HEI10OXC2_2.12.19_plant19_slide1_image8,5,79.3817,mid/late,n
HEI10OXC2_2.12.19_plant19_slide1_image10,1,41.3084,mid,y
HEI10OXC2_2.12.19_plant19_slide1_image10,2,61.3369,mid,y
HEI10OXC2_2.12.19_plant19_slide1_image10,3,68.3582,mid,y
HEI10OXC2_2.12.19_plant19_slide1_image10,4,46.4741,mid,y
HEI10OXC2_2.12.19_plant19_slide1_image10,5,45.9794,mid,y
HEI10OXC2_2.12.19_plant19_slide1_image11,1,68.7408,mid,y
HEI10OXC2_2.12.19_plant19_slide1_image11,2,42.8895,mid,y
HEI10OXC2_2.12.19_plant19_slide1_image11,3,63.6392,mid,y
HEI10OXC2_2.12.19_plant19_slide1_image11,4,31.5318,mid,y
HEI10OXC2_2.12.19_plant19_slide1_image11,5,57.8678,mid,y
HEI10OXC2_2.12.19_plant19_slide1_image12,1,75.2202,mid,y
HEI10OXC2_2.12.19_plant19_slide1_image12,2,51.9858,mid,y
HEI10OXC2_2.12.19_plant19_slide1_image12,3,59.8377,mid,y
HEI10OXC2_2.12.19_plant19_slide1_image12,4,53.3711,mid,y
HEI10OXC2_2.12.19_plant19_slide1_image12,5,49.7489,mid,y
HEI10OXC2_2.12.19_plant19_slide1_image14,1,53.8516,mid,y
HEI10OXC2_2.12.19_plant19_slide1_image14,2,39.8078,mid,y
HEI10OXC2_2.12.19_plant19_slide1_image14,3,62.5792,mid,y
HEI10OXC2_2.12.19_plant19_slide1_image14,4,53.3486,mid,y
HEI10OXC2_2.12.19_plant19_slide1_image14,5,36.2084,mid,y
HEI10OXC2_2.12.19_plant19_slide1_image16,1,46.1011,mid,n
HEI10OXC2_2.12.19_plant19_slide1_image16,2,52.891,mid,n
HEI10OXC2_2.12.19_plant19_slide1_image16,3,39.4183,mid,n
HEI10OXC2_2.12.19_plant19_slide1_image16,4,39.2108,mid,y
HEI10OXC2_2.12.19_plant19_slide1_image16,5,64.6206,mid,n
HEI10OXC2_25.2.20_plant1_slide1_image1,1,44.0557,mid,y
HEI10OXC2_25.2.20_plant1_slide1_image1,2,36.9529,mid,y
HEI10OXC2_25.2.20_plant1_slide1_image1,3,44.2393,mid,n
HEI10OXC2_25.2.20_plant1_slide1_image1,4,59.1574,mid,y
HEI10OXC2_25.2.20_plant1_slide1_image1,5,57.484,mid,y
HEI10OXC2_25.2.20_plant1_slide1_image2,1,43.3001,late,n
HEI10OXC2_25.2.20_plant1_slide1_image2,2,53.4111,late,n
HEI10OXC2_25.2.20_plant1_slide1_image2,3,37.0428,late,n
HEI10OXC2_25.2.20_plant1_slide1_image2,4,40.3265,late,y
HEI10OXC2_25.2.20_plant1_slide1_image2,5,54.6956,late,y
HEI10OXC2_25.2.20_plant1_slide1_image3,1,56.8058,late,n
HEI10OXC2_25.2.20_plant1_slide1_image3,2,38.1508,late,y
HEI10OXC2_25.2.20_plant1_slide1_image3,3,40.3734,late,n
HEI10OXC2_25.2.20_plant1_slide1_image3,4,43.4207,late,y
HEI10OXC2_25.2.20_plant1_slide1_image3,5,56.8581,late,n
HEI10OXC2_25.2.20_plant1_slide1_image4,1,36.2883,late,n
HEI10OXC2_25.2.20_plant1_slide1_image4,2,40.4821,late,y
HEI10OXC2_25.2.20_plant1_slide1_image4,3,41.5967,late,y
HEI10OXC2_25.2.20_plant1_slide1_image4,4,56.7498,late,y
HEI10OXC2_25.2.20_plant1_slide1_image4,5,51.3272,late,y
HEI10OXC2_25.2.20_plant1_slide1_image5,1,43.8141,late,y
HEI10OXC2_25.2.20_plant1_slide1_image5,2,30.9027,late,y
HEI10OXC2_25.2.20_plant1_slide1_image5,3,35.2919,late,y
HEI10OXC2_25.2.20_plant1_slide1_image5,4,44.0501,late,y
HEI10OXC2_25.2.20_plant1_slide1_image5,5,50.7871,late,y
HEI10OXC2_25.2.20_plant1_slide1_image6.1,1,42.7003,late,n
HEI10OXC2_25.2.20_plant1_slide1_image6.1,2,47.4302,late,y
HEI10OXC2_25.2.20_plant1_slide1_image6.1,3,68.1913,late,y
HEI10OXC2_25.2.20_plant1_slide1_image6.1,4,50.8449,late,y
HEI10OXC2_25.2.20_plant1_slide1_image6.1,5,44.2116,late,y
HEI10OXC2_25.2.20_plant1_slide1_image6.2,1,69.0209,late,n
HEI10OXC2_25.2.20_plant1_slide1_image6.2,2,57.5653,late,n
HEI10OXC2_25.2.20_plant1_slide1_image6.2,3,48.3039,late,y
HEI10OXC2_25.2.20_plant1_slide1_image6.2,4,42.0238,late,y
HEI10OXC2_25.2.20_plant1_slide1_image6.2,5,35.8889,late,y
HEI10OXC2_25.2.20_plant1_slide1_image7,1,69.2039,late,y
HEI10OXC2_25.2.20_plant1_slide1_image7,2,38.0578,late,y
HEI10OXC2_25.2.20_plant1_slide1_image7,3,39.1629,late,y
HEI10OXC2_25.2.20_plant1_slide1_image7,4,40.9412,late,y
HEI10OXC2_25.2.20_plant1_slide1_image7,5,55.9876,late,y
HEI10OXC2_25.2.20_plant1_slide1_image8.1,1,51.6893,late,y
HEI10OXC2_25.2.20_plant1_slide1_image8.1,2,40.5629,late,y
HEI10OXC2_25.2.20_plant1_slide1_image8.1,3,37.6877,late,y
HEI10OXC2_25.2.20_plant1_slide1_image8.1,4,47.9711,late,y
HEI10OXC2_25.2.20_plant1_slide1_image8.1,5,57.5598,late,y
HEI10OXC2_25.2.20_plant1_slide1_image8.2,1,44.457,late,y
HEI10OXC2_25.2.20_plant1_slide1_image8.2,2,46.9726,late,y
HEI10OXC2_25.2.20_plant1_slide1_image8.2,3,40.3276,late,y
HEI10OXC2_25.2.20_plant1_slide1_image8.2,4,42.9883,late,y
HEI10OXC2_25.2.20_plant1_slide1_image8.2,5,53.0599,late,y
HEI10OXC2_25.2.20_plant1_slide1_image9,1,68.0441,late,y
HEI10OXC2_25.2.20_plant1_slide1_image9,2,55.2826,late,y
HEI10OXC2_25.2.20_plant1_slide1_image9,3,75.8685,late,y
HEI10OXC2_25.2.20_plant1_slide1_image9,4,53.5677,late,y
HEI10OXC2_25.2.20_plant1_slide1_image9,5,50.2618,late,y
HEI10OXC2_25.2.20_plant1_slide1_image10,1,46.5499,late,y
HEI10OXC2_25.2.20_plant1_slide1_image10,2,37.803,late,y
HEI10OXC2_25.2.20_plant1_slide1_image10,3,45.884,late,n
HEI10OXC2_25.2.20_plant1_slide1_image10,4,59.9767,late,y
HEI10OXC2_25.2.20_plant1_slide1_image10,5,51.3958,late,n
HEI10OXC2_25.2.20_plant1_slide1_image11,1,62.133,late/mid,y
HEI10OXC2_25.2.20_plant1_slide1_image11,2,45.4607,late/mid,y
HEI10OXC2_25.2.20_plant1_slide1_image11,3,42.0065,late/mid,y
HEI10OXC2_25.2.20_plant1_slide1_image11,4,54.3717,late/mid,y
HEI10OXC2_25.2.20_plant1_slide1_image11,5,47.6596,late/mid,y
HEI10OXC2_25.2.20_plant1_slide1_image16,1,41.7139,late/mid,y
HEI10OXC2_25.2.20_plant1_slide1_image16,2,58.1773,late/mid,y
HEI10OXC2_25.2.20_plant1_slide1_image16,3,53.0605,late/mid,y
HEI10OXC2_25.2.20_plant1_slide1_image16,4,36.6786,late/mid,y
HEI10OXC2_25.2.20_plant1_slide1_image16,5,41.5698,late/mid,y
HEI10OXC2_25.2.20_plant2_slide1_image1,1,53.0433,late,n
HEI10OXC2_25.2.20_plant2_slide1_image1,2,47.4351,late,y
HEI10OXC2_25.2.20_plant2_slide1_image1,3,37.9041,late,y
HEI10OXC2_25.2.20_plant2_slide1_image1,4,33.7243,late,y
HEI10OXC2_25.2.20_plant2_slide1_image1,5,40.8276,late,n
HEI10OXC2_25.2.20_plant2_slide1_image6,1,41.9179,late/mid,y
HEI10OXC2_25.2.20_plant2_slide1_image6,2,67.5712,late/mid,n
HEI10OXC2_25.2.20_plant2_slide1_image6,3,43.4155,late/mid,y
HEI10OXC2_25.2.20_plant2_slide1_image6,4,58.8926,late/mid,y
HEI10OXC2_25.2.20_plant2_slide1_image6,5,41.7474,late/mid,y
HEI10OXC2_25.2.20_plant2_slide1_image7,1,62.5884,late,y
HEI10OXC2_25.2.20_plant2_slide1_image7,2,84.0882,late,n
HEI10OXC2_25.2.20_plant2_slide1_image7,3,69.204,late,n
HEI10OXC2_25.2.20_plant2_slide1_image7,4,80.5099,late,n
HEI10OXC2_25.2.20_plant2_slide1_image7,5,49.4192,late,n
HEI10OXC2_25.2.20_plant2_slide1_image8,1,42.1837,late,y
HEI10OXC2_25.2.20_plant2_slide1_image8,2,56.4841,late,n
HEI10OXC2_25.2.20_plant2_slide1_image8,3,42.9256,late,y
HEI10OXC2_25.2.20_plant2_slide1_image8,4,36.0439,late,n
HEI10OXC2_25.2.20_plant2_slide1_image8,5,38.5446,late,n
HEI10OXC2_25.2.20_plant2_slide1_image9,1,33.4261,late,y
HEI10OXC2_25.2.20_plant2_slide1_image9,2,51.9926,late,y
HEI10OXC2_25.2.20_plant2_slide1_image9,3,46.1182,late,y
HEI10OXC2_25.2.20_plant2_slide1_image9,4,35.861,late,y
HEI10OXC2_25.2.20_plant2_slide1_image9,5,36.9011,late,y
HEI10OXC2_25.2.20_plant2_slide1_image11,1,59.7628,late,y
HEI10OXC2_25.2.20_plant2_slide1_image11,2,40.3895,late,y
HEI10OXC2_25.2.20_plant2_slide1_image11,3,38.5566,late,y
HEI10OXC2_25.2.20_plant2_slide1_image11,4,54.0989,late,n
HEI10OXC2_25.2.20_plant2_slide1_image11,5,42.1362,late,n
HEI10OXC2_25.2.20_plant2_slide1_image12,1,33.3503,late,y
HEI10OXC2_25.2.20_plant2_slide1_image12,2,42.4867,late,y
HEI10OXC2_25.2.20_plant2_slide1_image12,3,47.992,late,y
HEI10OXC2_25.2.20_plant2_slide1_image12,4,29.9657,late,y
HEI10OXC2_25.2.20_plant2_slide1_image12,5,33.7129,late,y
HEI10OXC2_25.2.20_plant2_slide1_image13,1,40.1793,late,y
HEI10OXC2_25.2.20_plant2_slide1_image13,2,47.9929,late,y
HEI10OXC2_25.2.20_plant2_slide1_image13,3,55.0696,late,n
HEI10OXC2_25.2.20_plant2_slide1_image13,4,37.3025,late,y
HEI10OXC2_25.2.20_plant2_slide1_image13,5,65.5894,late,n
HEI10OXC2_25.2.20_plant2_slide1_image18,1,58.5807,mid,n
HEI10OXC2_25.2.20_plant2_slide1_image18,2,47.5359,mid,y
HEI10OXC2_25.2.20_plant2_slide1_image18,3,47.37,mid,y
HEI10OXC2_25.2.20_plant2_slide1_image18,4,60.3456,mid,y
HEI10OXC2_25.2.20_plant2_slide1_image18,5,46.0906,mid,y
hei10+-_2.8.19_plant22_slide1_image3,1,48.1431,late,y
hei10+-_2.8.19_plant22_slide1_image3,2,41.2791,late,y
hei10+-_2.8.19_plant22_slide1_image3,3,33.6319,late,y
hei10+-_2.8.19_plant22_slide1_image3,4,48.0683,late,y
hei10+-_2.8.19_plant22_slide1_image3,5,31.4781,late,y
hei10+-_2.8.19_plant22_slide1_image5,1,35.7241,late,y
hei10+-_2.8.19_plant22_slide1_image5,2,35.2321,late,y
hei10+-_2.8.19_plant22_slide1_image5,3,48.6525,late,y
hei10+-_2.8.19_plant22_slide1_image5,4,53.6611,late,y
hei10+-_2.8.19_plant22_slide1_image5,5,39.454,late,y
hei10+-_2.8.19_plant22_slide1_image6,1,50.0391,late,y
hei10+-_2.8.19_plant22_slide1_image6,2,35.5992,late,y
hei10+-_2.8.19_plant22_slide1_image6,3,38.4678,late,y
hei10+-_2.8.19_plant22_slide1_image6,4,56.8026,late,y
hei10+-_2.8.19_plant22_slide1_image6,5,42.7435,late,y
hei10+-_2.8.19_plant22_slide1_image7,1,36.985,late,y
hei10+-_2.8.19_plant22_slide1_image7,2,38.5605,late,y
hei10+-_2.8.19_plant22_slide1_image7,3,57.9152,late,y
hei10+-_2.8.19_plant22_slide1_image7,4,48.0169,late,y
hei10+-_2.8.19_plant22_slide1_image7,5,45.3596,late,y
hei10+-_2.8.19_plant22_slide1_image9,1,33.2214,late,y
hei10+-_2.8.19_plant22_slide1_image9,2,33.9998,late,y
hei10+-_2.8.19_plant22_slide1_image9,3,48.1497,late,y
hei10+-_2.8.19_plant22_slide1_image9,4,47.0745,late,y
hei10+-_2.8.19_plant22_slide1_image9,5,35.0379,late,y
hei10+-_2.8.19_plant22_slide1_image10,1,45.2304,late,n
hei10+-_2.8.19_plant22_slide1_image10,2,54.858,late,y
hei10+-_2.8.19_plant22_slide1_image10,3,38.4285,late,y
hei10+-_2.8.19_plant22_slide1_image10,4,39.5015,late,y
hei10+-_2.8.19_plant22_slide1_image10,5,61.3118,late,y
hei10+-_2.8.19_plant22_slide1_image11,1,32.5454,late,y
hei10+-_2.8.19_plant22_slide1_image11,2,34.2201,late,y
hei10+-_2.8.19_plant22_slide1_image11,3,34.5182,late,y
hei10+-_2.8.19_plant22_slide1_image11,4,45.4781,late,y
hei10+-_2.8.19_plant22_slide1_image11,5,38.9053,late,y
hei10+-_2.8.19_plant22_slide1_image12,1,41.3794,late,y
hei10+-_2.8.19_plant22_slide1_image12,2,57.7573,late,y
hei10+-_2.8.19_plant22_slide1_image12,3,47.6933,late,y
hei10+-_2.8.19_plant22_slide1_image12,4,39.1756,late,y
hei10+-_2.8.19_plant22_slide1_image12,5,61.411,late,y
hei10+-_2.8.19_plant22_slide1_image13,1,41.3457,late,y
hei10+-_2.8.19_plant22_slide1_image13,2,34.4353,late,y
hei10+-_2.8.19_plant22_slide1_image13,3,47.6218,late,y
hei10+-_2.8.19_plant22_slide1_image13,4,51.8817,late,y
hei10+-_2.8.19_plant22_slide1_image13,5,34.1041,late,y
hei10+-_2.8.19_plant22_slide1_image14,1,51.9983,late,y
hei10+-_2.8.19_plant22_slide1_image14,2,44.6243,late,y
hei10+-_2.8.19_plant22_slide1_image14,3,36.5558,late,y
hei10+-_2.8.19_plant22_slide1_image14,4,36.6847,late,y
hei10+-_2.8.19_plant22_slide1_image14,5,46.3147,late,y
hei10+-_2.8.19_plant22_slide1_image15,1,40.5213,early,n
hei10+-_2.8.19_plant22_slide1_image15,2,41.195,early,n
hei10+-_2.8.19_plant22_slide1_image15,3,35.1246,early,n
hei10+-_2.8.19_plant22_slide1_image15,4,56.0308,early,n
hei10+-_2.8.19_plant22_slide1_image15,5,51.7234,early,n
hei10+-_2.8.19_plant22_slide1_image17,1,37.2947,mid,y
hei10+-_2.8.19_plant22_slide1_image17,2,37.4866,mid,y
hei10+-_2.8.19_plant22_slide1_image17,3,42.2612,mid,y
hei10+-_2.8.19_plant22_slide1_image17,4,51.9289,mid,y
hei10+-_2.8.19_plant22_slide1_image17,5,48.6079,mid,y
hei10+-_2.8.19_plant22_slide1_image18,1,49.6243,early,y
hei10+-_2.8.19_plant22_slide1_image18,2,56.5839,early,y
hei10+-_2.8.19_plant22_slide1_image18,3,41.3373,early,y
hei10+-_2.8.19_plant22_slide1_image18,4,64.7667,early,y
hei10+-_2.8.19_plant22_slide1_image18,5,43.252,early,y
hei10+-_2.8.19_plant22_slide1_image20,1,38.7324,mid,y
hei10+-_2.8.19_plant22_slide1_image20,2,33.515,mid,y
hei10+-_2.8.19_plant22_slide1_image20,3,28.861,mid,y
hei10+-_2.8.19_plant22_slide1_image20,4,47.747,mid,y
hei10+-_2.8.19_plant22_slide1_image20,5,49.8496,mid,y
hei10+-_2.8.19_plant22_slide1_image23,1,39.1958,early,y
hei10+-_2.8.19_plant22_slide1_image23,2,50.6914,early,y
hei10+-_2.8.19_plant22_slide1_image23,3,36.8031,early,y
hei10+-_2.8.19_plant22_slide1_image23,4,64.6673,early,y
hei10+-_2.8.19_plant22_slide1_image23,5,47.4127,early,y
hei10+-_2.8.19_plant22_slide1_image24,1,49.1751,late,y
hei10+-_2.8.19_plant22_slide1_image24,2,60.0998,late,y
hei10+-_2.8.19_plant22_slide1_image24,3,64.412,late,y
hei10+-_2.8.19_plant22_slide1_image24,4,41.0987,late,y
hei10+-_2.8.19_plant22_slide1_image24,5,42.7046,late,y
hei10+-_2.8.19_plant22_slide1_image28,1,52.1033,late ,y
hei10+-_2.8.19_plant22_slide1_image28,2,39.5053,late ,y
hei10+-_2.8.19_plant22_slide1_image28,3,44.8508,late ,y
hei10+-_2.8.19_plant22_slide1_image28,4,58.4423,late ,y
hei10+-_2.8.19_plant22_slide1_image28,5,36.081,late ,y
hei10+-_2.12.19_plant13_slide1_image1,1,79.1604,late,y
hei10+-_2.12.19_plant13_slide1_image1,2,48.4487,late,y
hei10+-_2.12.19_plant13_slide1_image1,3,50.5902,late,y
hei10+-_2.12.19_plant13_slide1_image1,4,70.7656,late,n
hei10+-_2.12.19_plant13_slide1_image1,5,68.2847,late,y
hei10+-_2.12.19_plant13_slide1_image2.1,1,36.2449,late,y
hei10+-_2.12.19_plant13_slide1_image2.1,2,44.9833,late,y
hei10+-_2.12.19_plant13_slide1_image2.1,3,37.6161,late,y
hei10+-_2.12.19_plant13_slide1_image2.1,4,34.1896,late,y
hei10+-_2.12.19_plant13_slide1_image2.1,5,37.1619,late,y
hei10+-_2.12.19_plant13_slide1_image2.2,1,52.1715,late,y
hei10+-_2.12.19_plant13_slide1_image2.2,2,35.4375,late,y
hei10+-_2.12.19_plant13_slide1_image2.2,3,33.8312,late,y
hei10+-_2.12.19_plant13_slide1_image2.2,4,39.1666,late,y
hei10+-_2.12.19_plant13_slide1_image2.2,5,48.619,late,y
hei10+-_2.12.19_plant13_slide1_image3,1,51.3377,late/mid,y
hei10+-_2.12.19_plant13_slide1_image3,2,61.0792,late/mid,y 
hei10+-_2.12.19_plant13_slide1_image3,3,41.3963,late/mid,y
hei10+-_2.12.19_plant13_slide1_image3,4,42.7161,late/mid,n
hei10+-_2.12.19_plant13_slide1_image3,5,67.3663,late/mid,y
hei10+-_2.12.19_plant13_slide1_image4,1,45.1525,late,y
hei10+-_2.12.19_plant13_slide1_image4,2,40.6403,late,n
hei10+-_2.12.19_plant13_slide1_image4,3,35.8356,late,y
hei10+-_2.12.19_plant13_slide1_image4,4,35.6176,late,y
hei10+-_2.12.19_plant13_slide1_image4,5,48.0767,late,y
hei10+-_2.12.19_plant13_slide1_image5,1,64.8619,late,y
hei10+-_2.12.19_plant13_slide1_image5,2,58.4431,late,y
hei10+-_2.12.19_plant13_slide1_image5,3,49.1481,late,n
hei10+-_2.12.19_plant13_slide1_image5,4,37.1326,late,y
hei10+-_2.12.19_plant13_slide1_image5,5,46.1314,late,y
hei10+-_2.12.19_plant13_slide1_image6,1,58.8078,late,y
hei10+-_2.12.19_plant13_slide1_image6,2,82.443,late,n
hei10+-_2.12.19_plant13_slide1_image6,3,60.7432,late,y
hei10+-_2.12.19_plant13_slide1_image6,4,50.0904,late,y
hei10+-_2.12.19_plant13_slide1_image6,5,57.8098,late,y
hei10+-_2.12.19_plant13_slide1_image8,1,54.1059,late,y
hei10+-_2.12.19_plant13_slide1_image8,2,49.5835,late,n
hei10+-_2.12.19_plant13_slide1_image8,3,42.9007,late,y
hei10+-_2.12.19_plant13_slide1_image8,4,41.867,late,n
hei10+-_2.12.19_plant13_slide1_image8,5,33.99,late,y
hei10+-_2.12.19_plant13_slide1_image9,1,64.9442,late,y
hei10+-_2.12.19_plant13_slide1_image9,2,72.6913,late,y
hei10+-_2.12.19_plant13_slide1_image9,3,70.76,late,y
hei10+-_2.12.19_plant13_slide1_image9,4,43.6912,late,y
hei10+-_2.12.19_plant13_slide1_image9,5,33.3518,late,y
hei10+-_2.12.19_plant13_slide1_image10,1,49.4628,late,y
hei10+-_2.12.19_plant13_slide1_image10,2,36.5653,late,y
hei10+-_2.12.19_plant13_slide1_image10,3,39.4758,late,y
hei10+-_2.12.19_plant13_slide1_image10,4,57.128,late,y
hei10+-_2.12.19_plant13_slide1_image10,5,40.603,late,y
hei10+-_2.12.19_plant13_slide1_image11,1,45.0503,late,y
hei10+-_2.12.19_plant13_slide1_image11,2,37.869,late,y
hei10+-_2.12.19_plant13_slide1_image11,3,67.9995,late,n
hei10+-_2.12.19_plant13_slide1_image11,4,38.8059,late,y
hei10+-_2.12.19_plant13_slide1_image11,5,38.542,late,y
hei10+-_2.12.19_plant13_slide1_image12,1,54.5003,late,y
hei10+-_2.12.19_plant13_slide1_image12,2,64.4833,late,y
hei10+-_2.12.19_plant13_slide1_image12,3,55.4258,late,y
hei10+-_2.12.19_plant13_slide1_image12,4,44.7073,late,y
hei10+-_2.12.19_plant13_slide1_image12,5,40.0701,late,y
hei10+-_2.12.19_plant13_slide1_image13,1,44.4638,late,y
hei10+-_2.12.19_plant13_slide1_image13,2,53.2507,late,y 
hei10+-_2.12.19_plant13_slide1_image13,3,50.0285,late,y
hei10+-_2.12.19_plant13_slide1_image13,4,38.2092,late,y
hei10+-_2.12.19_plant13_slide1_image13,5,44.0595,late,y
hei10+-_2.12.19_plant13_slide1_image14,1,42.2089,late,y
hei10+-_2.12.19_plant13_slide1_image14,2,37.0604,late,y
hei10+-_2.12.19_plant13_slide1_image14,3,47.5605,late,y
hei10+-_2.12.19_plant13_slide1_image14,4,35.9033,late,y
hei10+-_2.12.19_plant13_slide1_image14,5,36.4096,late,y
hei10+-_2.12.19_plant13_slide1_image15,1,73.0083,early,y
hei10+-_2.12.19_plant13_slide1_image15,2,48.8683,early,y
hei10+-_2.12.19_plant13_slide1_image15,3,47.1724,early,y
hei10+-_2.12.19_plant13_slide1_image15,4,61.6783,early,n
hei10+-_2.12.19_plant13_slide1_image15,5,77.4834,early,y
hei10+-_2.12.19_plant13_slide2_image2,1,35.3401,late,y
hei10+-_2.12.19_plant13_slide2_image2,2,41.3418,late,y
hei10+-_2.12.19_plant13_slide2_image2,3,48.3992,late,y
hei10+-_2.12.19_plant13_slide2_image2,4,41.675,late,n
hei10+-_2.12.19_plant13_slide2_image2,5,53.8792,late,y
hei10+-_2.12.19_plant13_slide2_image3,1,38.0785,late,y
hei10+-_2.12.19_plant13_slide2_image3,2,47.6336,late,n
hei10+-_2.12.19_plant13_slide2_image3,3,52.8578,late,y
hei10+-_2.12.19_plant13_slide2_image3,4,41.5098,late,y
hei10+-_2.12.19_plant13_slide2_image3,5,58.1893,late,y
hei10+-_2.12.19_plant13_slide2_image4,1,37.5971,late,y
hei10+-_2.12.19_plant13_slide2_image4,2,36.813,late,y
hei10+-_2.12.19_plant13_slide2_image4,3,40.2656,late,y
hei10+-_2.12.19_plant13_slide2_image4,4,57.3434,late,y
hei10+-_2.12.19_plant13_slide2_image4,5,51.8247,late,y
hei10+-_2.12.19_plant13_slide2_image5,1,43.1484,late,y
hei10+-_2.12.19_plant13_slide2_image5,2,34.9365,late,y
hei10+-_2.12.19_plant13_slide2_image5,3,34.0241,late,y
hei10+-_2.12.19_plant13_slide2_image5,4,51.0904,late,y
hei10+-_2.12.19_plant13_slide2_image5,5,53.1605,late,y
hei10+-_2.12.19_plant13_slide2_image6,1,46.912,late,y
hei10+-_2.12.19_plant13_slide2_image6,2,40.1478,late,y
hei10+-_2.12.19_plant13_slide2_image6,3,54.1694,late,y
hei10+-_2.12.19_plant13_slide2_image6,4,55.518,late,y
hei10+-_2.12.19_plant13_slide2_image6,5,34.1842,late,y
hei10+-_2.12.19_plant13_slide2_image7,1,48.0418,late,y
hei10+-_2.12.19_plant13_slide2_image7,2,53.0148,late,y
hei10+-_2.12.19_plant13_slide2_image7,3,39.9603,late,y
hei10+-_2.12.19_plant13_slide2_image7,4,35.3572,late,y
hei10+-_2.12.19_plant13_slide2_image7,5,40.8501,late,y
hei10+-_2.12.19_plant13_slide2_image8,1,52.164,late,n
hei10+-_2.12.19_plant13_slide2_image8,2,42.0713,late,n
hei10+-_2.12.19_plant13_slide2_image8,3,38.7026,late,n
hei10+-_2.12.19_plant13_slide2_image8,4,59.1906,late,y
hei10+-_2.12.19_plant13_slide2_image8,5,67.2412,late,n
hei10+-_2.12.19_plant13_slide2_image10,1,37.6938,late,y
hei10+-_2.12.19_plant13_slide2_image10,2,31.8484,late,y
hei10+-_2.12.19_plant13_slide2_image10,3,32.4061,late,y
hei10+-_2.12.19_plant13_slide2_image10,4,45.8628,late,y
hei10+-_2.12.19_plant13_slide2_image10,5,50.4625,late,y
hei10+-_2.12.19_plant13_slide2_image11,1,42.1561,late,y
hei10+-_2.12.19_plant13_slide2_image11,2,55.9906,late,y
hei10+-_2.12.19_plant13_slide2_image11,3,44.9715,late,y
hei10+-_2.12.19_plant13_slide2_image11,4,32.5179,late,y
hei10+-_2.12.19_plant13_slide2_image11,5,34.0463,late,y
hei10+-_2.12.19_plant13_slide2_image13,1,38.9159,late,y
hei10+-_2.12.19_plant13_slide2_image13,2,49.5149,late,y
hei10+-_2.12.19_plant13_slide2_image13,3,45.2062,late,n
hei10+-_2.12.19_plant13_slide2_image13,4,55.5473,late,y
hei10+-_2.12.19_plant13_slide2_image13,5,63.099,late,y
hei10+-_2.12.19_plant13_slide2_image15,1,55.19,late,y
hei10+-_2.12.19_plant13_slide2_image15,2,42.2403,late,n
hei10+-_2.12.19_plant13_slide2_image15,3,58.6246,late,y
hei10+-_2.12.19_plant13_slide2_image15,4,40.9035,late,y
hei10+-_2.12.19_plant13_slide2_image15,5,43.4073,late,n
hei10+-_2.12.19_plant13_slide2_image16,1,41.0509,late/mid,y
hei10+-_2.12.19_plant13_slide2_image16,2,44.7066,late/mid,y
hei10+-_2.12.19_plant13_slide2_image16,3,60.2345,late/mid,y
hei10+-_2.12.19_plant13_slide2_image16,4,59.0484,late/mid,y
hei10+-_2.12.19_plant13_slide2_image16,5,37.2355,late/mid,y
hei10+-_2.12.19_plant13_slide2_image17,1,47.5743,late,y
hei10+-_2.12.19_plant13_slide2_image17,2,60.4046,late,n
hei10+-_2.12.19_plant13_slide2_image17,3,41.3261,late,y
hei10+-_2.12.19_plant13_slide2_image17,4,40.6724,late,n
hei10+-_2.12.19_plant13_slide2_image17,5,45.819,late,y
hei10+-_25.2.20_plant2_slide1_image2,1,32.581,late/mid,y
hei10+-_25.2.20_plant2_slide1_image2,2,33.1301,late/mid,y
hei10+-_25.2.20_plant2_slide1_image2,3,49.1939,late/mid,y
hei10+-_25.2.20_plant2_slide1_image2,4,47.8495,late/mid,y
hei10+-_25.2.20_plant2_slide1_image2,5,39.4975,late/mid,y
hei10+-_25.2.20_plant2_slide1_image3,1,40.426,late,y
hei10+-_25.2.20_plant2_slide1_image3,2,60.7234,late,y
hei10+-_25.2.20_plant2_slide1_image3,3,35.9814,late,y
hei10+-_25.2.20_plant2_slide1_image3,4,47.5577,late,y
hei10+-_25.2.20_plant2_slide1_image3,5,54.4522,late,y
hei10+-_25.2.20_plant2_slide1_image4,1,65.9779,late,y
hei10+-_25.2.20_plant2_slide1_image4,2,51.1368,late,y
hei10+-_25.2.20_plant2_slide1_image4,3,69.2851,late,y
hei10+-_25.2.20_plant2_slide1_image4,4,44.4335,late,y
hei10+-_25.2.20_plant2_slide1_image4,5,44.8704,late,y
hei10+-_25.2.20_plant2_slide1_image5,1,45.9564,late,n
hei10+-_25.2.20_plant2_slide1_image5,2,41.2192,late,y
hei10+-_25.2.20_plant2_slide1_image5,3,51.1578,late,n
hei10+-_25.2.20_plant2_slide1_image5,4,29.5609,late,y
hei10+-_25.2.20_plant2_slide1_image5,5,45.5832,late,y
hei10+-_25.2.20_plant2_slide1_image7,1,63.7613,late,y
hei10+-_25.2.20_plant2_slide1_image7,2,67.092,late,y
hei10+-_25.2.20_plant2_slide1_image7,3,43.7599,late,y
hei10+-_25.2.20_plant2_slide1_image7,4,47.3825,late,n
hei10+-_25.2.20_plant2_slide1_image7,5,52.2862,late,y
hei10+-_25.2.20_plant2_slide1_image8,1,68.024,late,y
hei10+-_25.2.20_plant2_slide1_image8,2,39.8284,late,y
hei10+-_25.2.20_plant2_slide1_image8,3,44.2947,late,y
hei10+-_25.2.20_plant2_slide1_image8,4,64.1704,late,y
hei10+-_25.2.20_plant2_slide1_image8,5,60.208,late,y
hei10+-_25.2.20_plant2_slide1_image9,1,59.0744,late ,y
hei10+-_25.2.20_plant2_slide1_image9,2,43.6616,late ,y
hei10+-_25.2.20_plant2_slide1_image9,3,45.3107,late ,y
hei10+-_25.2.20_plant2_slide1_image9,4,62.0465,late ,y
hei10+-_25.2.20_plant2_slide1_image9,5,35.2477,late ,y
hei10+-_25.2.20_plant2_slide1_image11,1,59.9213,mid,y
hei10+-_25.2.20_plant2_slide1_image11,2,39.1838,mid,n
hei10+-_25.2.20_plant2_slide1_image11,3,71.384,mid,n
hei10+-_25.2.20_plant2_slide1_image11,4,44.0109,mid,y
hei10+-_25.2.20_plant2_slide1_image11,5,58.81,mid,n
hei10+-_25.2.20_plant2_slide1_image12,1,38.058,late/mid,y
hei10+-_25.2.20_plant2_slide1_image12,2,46.1317,late/mid,y
hei10+-_25.2.20_plant2_slide1_image12,3,33.0329,late/mid,y
hei10+-_25.2.20_plant2_slide1_image12,4,54.4521,late/mid,y
hei10+-_25.2.20_plant2_slide1_image12,5,35.6118,late/mid,y
hei10+-_25.2.20_plant2_slide1_image13,1,69.7466,mid,y
hei10+-_25.2.20_plant2_slide1_image13,2,58.9892,mid,y
hei10+-_25.2.20_plant2_slide1_image13,3,55.1117,mid,y
hei10+-_25.2.20_plant2_slide1_image13,4,43.7125,mid,y
hei10+-_25.2.20_plant2_slide1_image13,5,55.7501,mid,y
hei10+-_25.2.20_plant2_slide1_image14,1,39.618,early,y
hei10+-_25.2.20_plant2_slide1_image14,2,51.6145,early,y
hei10+-_25.2.20_plant2_slide1_image14,3,45.4556,early,y
hei10+-_25.2.20_plant2_slide1_image14,4,29.607,early,y
hei10+-_25.2.20_plant2_slide1_image14,5,33.6115,early,y
hei10+-_25.2.20_plant2_slide1_image15,1,48.5276,mid,y
hei10+-_25.2.20_plant2_slide1_image15,2,85.3081,mid,y
hei10+-_25.2.20_plant2_slide1_image15,3,46.2856,mid,y
hei10+-_25.2.20_plant2_slide1_image15,4,65.0833,mid,n
hei10+-_25.2.20_plant2_slide1_image15,5,53.6958,mid,n
hei10+-_25.2.20_plant2_slide1_image16,1,32.5183,mid,y
hei10+-_25.2.20_plant2_slide1_image16,2,46.2965,mid,y
hei10+-_25.2.20_plant2_slide1_image16,3,32.2761,mid,y
hei10+-_25.2.20_plant2_slide1_image16,4,52.1428,mid,y
hei10+-_25.2.20_plant2_slide1_image16,5,39.7024,mid,y
hei10+-_25.2.20_plant2_slide1_image17,1,51.6151,early,y
hei10+-_25.2.20_plant2_slide1_image17,2,55.1676,early,y
hei10+-_25.2.20_plant2_slide1_image17,3,33.5051,early,y
hei10+-_25.2.20_plant2_slide1_image17,4,33.2288,early,y
hei10+-_25.2.20_plant2_slide1_image17,5,39.7393,early,y
hei10+-_25.2.20_plant2_slide1_image20,1,46.0606,mid,y
hei10+-_25.2.20_plant2_slide1_image20,2,52.6259,mid,y
hei10+-_25.2.20_plant2_slide1_image20,3,47.9205,mid,y
hei10+-_25.2.20_plant2_slide1_image20,4,70.975,mid,y
hei10+-_25.2.20_plant2_slide1_image20,5,65.2657,mid,y
hei10+-_25.2.20_plant2_slide1_image21,1,45.2931,mid,y
hei10+-_25.2.20_plant2_slide1_image21,2,44.2959,mid,n
hei10+-_25.2.20_plant2_slide1_image21,3,41.8345,mid,y
hei10+-_25.2.20_plant2_slide1_image21,4,69.8274,mid,n
hei10+-_25.2.20_plant2_slide1_image21,5,74.6455,mid,n
hei10+-_25.2.20_plant2_slide1_image21,1,39.1898,mid,n
hei10+-_25.2.20_plant2_slide1_image21,2,46.3303,mid,n
hei10+-_25.2.20_plant2_slide1_image21,3,61.4842,mid,y
hei10+-_25.2.20_plant2_slide1_image21,4,54.2118,mid,n
hei10+-_25.2.20_plant2_slide1_image21,5,37.4852,mid,y